filename,label
55cc997d-46a0-4ce3-9e19-9b2bca877673.jpg,0.5
63b497f2-162f-4c1b-8182-037b60eb1798.jpg,0.5
1e1cbfc7-3bfe-45f7-aa97-982ef3781887.jpg,0.5
b70c920e-c6ef-4ad8-8988-3b7e8a0081be.jpg,0.5
da7440b4-8ab6-47b6-883d-5b1545055da1.jpg,0.5
a7a302d4-fd73-41ca-8cec-dbc0c6902eea.jpg,0.5
578a2c34-09fd-4acf-83e1-c86aa8447f8c.jpg,0.5
6501dae4-4969-4da5-a1bf-e287eacc186c.jpg,0.5
e11aa14d-1c37-4bad-9f37-76b2909a4e49.jpg,0.5
98bd17f3-8ccf-48ce-8e1c-ee7c56c7a205.jpg,0.5
2dd760bf-447c-4c2e-a4d7-f05905de8872.jpg,0.5
224be3b5-3fd1-4c2e-8933-3f2c09a583cf.jpg,0.5
fe89cf14-012f-4e91-a3a0-a5875a71c0fd.jpg,0.5
b78d5a6a-97ca-443b-bafc-70650522d544.jpg,0.5
1f884236-176a-4505-bd64-ed1f93e82072.jpg,0.5
b8c9e1eb-e310-4085-9c4f-8f5938914c40.jpg,0.5
a2b42d2c-7c7b-4681-a046-6352317a76c3.jpg,0.5
4766db36-037e-4919-b517-b350cf5abb7d.jpg,0.5
e5d5af91-302a-4863-91ca-99c7dbcd71ca.jpg,0.5
07bd5ac7-321a-4335-affd-82530e524739.jpg,0.5
32be5a5d-4b86-410a-9a6d-c55d6b539280.jpg,0.5
2a534352-d5a5-4d12-8aaf-02dce4bc4adb.jpg,0.5
b93785e4-93d3-45fa-b93f-9d5cfac44f0c.jpg,0.5
d6b575e0-2a19-4650-b4a6-18811c6f5534.jpg,0.5
0681f120-653e-46d1-92e9-775587856969.jpg,0.5
3011d566-6e17-4b0f-b970-c5877a127a19.jpg,0.5
aeaea7b4-18a4-49d5-bdd6-fc9b2e646f6f.jpg,0.5
9c72ebbe-8066-4010-9496-76b64e20edf4.jpg,0.5
fb8f0acc-90bb-435c-8779-0e1a785a0611.jpg,0.5
e01bcac8-cadd-43ca-86de-7a29644c641d.jpg,0.5
83d9b4bc-0e64-4b84-8479-d9effd245c13.jpg,0.5
316832a1-9e84-4578-92a9-3e2e7de88e2e.jpg,0.5
e0817d1b-85a6-420d-b0fa-86b72b4dbcd0.jpg,0.5
4d623962-1882-42a2-9a1a-86c8a446159b.jpg,0.5
b6b7d16c-1867-4469-b3d8-1dae1947d6e6.jpg,0.5
7d6fdec7-0f08-4ded-8676-58eff6319fb8.jpg,0.5
17a364de-4b6f-45bd-94b4-4f79e2c8a226.jpg,0.5
ea56adab-a70f-4fa8-ba85-3df935563daa.jpg,0.5
a039e0f9-213f-4298-bae7-0be6556d39b9.jpg,0.5
10fc33a2-3b20-4e45-bb27-81cc558a474f.jpg,0.5
bec87961-426e-43f6-b08d-2fbf3b150538.jpg,0.5
9cfb3b68-e592-40c2-b297-f42234addc57.jpg,0.5
36e1c808-83d1-4038-b2b6-6a66fbbb2870.jpg,0.5
e0e9cd02-17fa-4944-ab7d-d3968a22979b.jpg,0.5
0b074db3-c594-432f-8077-a58501e57185.jpg,0.5
bcad0bde-5e92-4547-a087-e9e144c64b8b.jpg,0.5
a03d38b1-8117-4ff1-bd33-74ef15bc0f3f.jpg,0.5
4ee1ff2c-242b-43aa-a185-ab125090b3b4.jpg,0.5
26156c85-4d12-4dca-ad09-5b05cd8f76c1.jpg,0.5
ca0933c9-51cc-4162-861b-a11acc3e3e3c.jpg,0.5
ec3946ce-a114-47d3-b131-e11d714b7c74.jpg,0.5
554508aa-514f-4a58-8ffa-e2ffef38d9b0.jpg,0.5
8423fb4c-f612-4c98-aae0-4fd774236a79.jpg,0.5
ced345e9-75a5-4f28-b354-c24908fc0adb.jpg,0.5
9b56ebfd-f64b-408d-adeb-0258ad4f098d.jpg,0.5
35552ffe-d945-47f3-ab98-f5fe129fabe4.jpg,0.5
acc6af1f-2a15-45b1-9d5c-a7e4fe5f1bb4.jpg,0.5
b6b42b66-e8e9-4771-88b4-9abc0a5ae3d9.jpg,0.5
053d01a9-e921-45d2-96db-f5819db4a409.jpg,0.5
2cdacebc-d16e-406b-9243-7b2770e60d44.jpg,0.5
d469955e-a811-41b0-99fb-3e3499eba6c8.jpg,0.5
aa6ea0a0-418b-4d12-a082-ede574a19a1b.jpg,0.5
448e77ba-1af6-4b5d-baa7-79e42d721cb6.jpg,0.5
95e3fddf-b2c5-4343-a366-4547ffdfc946.jpg,0.5
bdcdf23e-61bd-4316-b72b-09bd5d679ddb.jpg,0.5
2d772423-f356-4804-a6ff-9b5019bbc587.jpg,0.5
f24df574-9544-423a-b63d-7e14053b0e77.jpg,0.5
bc45bb2a-73eb-485f-bcdc-e457de88da3a.jpg,0.5
cd9b95fc-6812-40dc-a9e4-3932d001c34f.jpg,0.5
7d8384cc-2410-4ca9-a8e1-e617e3846510.jpg,0.5
6a7b9728-579c-4471-9017-079fcfe4d2f3.jpg,0.5
86108b18-eda5-4db0-9bdf-e77f7497f086.jpg,0.5
54f07118-82ec-4813-a646-6d369bbce402.jpg,0.5
b6352188-957a-4796-87c0-c5bbde5f5a34.jpg,0.5
9457bda0-7d51-48e5-bf8d-cea536b2275f.jpg,0.5
403858e6-23e6-4627-9b05-dad449ebefdb.jpg,0.5
5f0f5296-5d5b-4c26-a328-fec6631cae5f.jpg,0.5
c46c40c0-ea01-40de-b9de-a2388be3ed1c.jpg,0.5
e0d31624-7090-4715-8072-2443a7cb6936.jpg,0.5
e2f8ac6a-5d39-4831-8b79-bede0dc4dabf.jpg,0.5
220feebe-1c1d-4071-8ed4-902ddc775145.jpg,0.5
f00c01de-950d-439d-90d1-cfda450e67ba.jpg,0.5
2a854c1c-e754-4e5b-9927-66c1ce78ac02.jpg,0.5
ee86f739-4197-44ad-88bd-e42687c79e3f.jpg,0.5
e992d5d5-10b3-4a1d-84c4-c6551b794866.jpg,0.5
6520d85d-64e8-4c7c-9e02-05ccb618f44a.jpg,0.5
bb4096e1-0591-4bfa-9131-e39b84b2d0e2.jpg,0.5
6da54288-1144-448b-b900-a94e34d262ba.jpg,0.5
b8f0d91a-2900-4f3e-a2a4-2b2857e2f849.jpg,0.5
2e4ef6c1-ed18-44b7-8b41-09b73077e841.jpg,0.5
46e6ad2d-0527-4376-86f8-92598e993ca8.jpg,0.5
c25eea52-008f-42d5-938d-3e2fc968d3ea.jpg,0.5
829d312b-a99f-4dfe-ad18-1dc7cc28ffb6.jpg,0.5
1779c36a-07b2-4670-a007-2c846e06e681.jpg,0.5
10812fac-a4c5-40c2-b91a-1a7251e808c2.jpg,0.5
54d12293-89c5-42f6-9166-c794a0d76a25.jpg,0.5
9f8ea01e-4d80-46f2-a8e4-318bc93c7c13.jpg,0.5
2c94344e-7ae8-43e5-9b4e-570ad6b4e8cd.jpg,0.5
5238c0bb-6a03-4704-bc6c-300e44d29c7e.jpg,0.5
3217641e-61d1-49a3-b28b-8debb2e5c03c.jpg,0.5
bbbc8232-d86b-4684-a6d2-40c4762c8f24.jpg,0.5
05d3c67d-267a-43dd-bfcb-576000f65192.jpg,0.5
47197f0f-2fc3-4e62-bc20-d136093a2796.jpg,0.5
bf9d4bb5-24d1-4530-abcd-c804471a9ff1.jpg,0.5
4a615d46-b8b3-4be4-80f9-46a9ecd27209.jpg,0.5
30b4b166-5c7a-42aa-af16-275b8f23bc8f.jpg,0.5
b363b51e-c7d2-44fc-b4e1-af5416a8cec8.jpg,0.5
f75ab603-e1f5-4a88-9400-3268c80e5597.jpg,0.5
21ea054c-eb0f-4ecd-b427-e5b51d886a45.jpg,0.5
dad47c7d-10b8-4c23-a66a-c542b90f1110.jpg,0.5
fb9f7734-2181-4fe4-bde6-17c40aa218d6.jpg,0.5
4b843d0d-9562-49c2-8223-1b19ad86ebcf.jpg,0.5
c0bd6596-dd0c-4259-823a-ae1c84d40584.jpg,0.5
8719dc78-cbce-4fbe-a1ea-da260169e7f9.jpg,0.5
ecb0cdcd-6b01-4c64-abdd-bf135953a75d.jpg,0.5
4c3e0cad-5d44-44d4-aa27-8f7bd6ae42ad.jpg,0.5
7efaa512-169d-4275-8ab6-6bb9834cf911.jpg,0.5
e82b4fe9-58d0-4f9e-b5aa-72f4e17b8915.jpg,0.5
ff55b0e5-819a-4e79-b590-4c9b44915637.jpg,0.5
c3ceed28-e589-4695-9795-49f4d456ad3f.jpg,0.5
b958144b-62f9-4cce-9492-c2a7c8fdff23.jpg,0.5
dd95555e-dd4c-4763-8a33-4c8964e3806a.jpg,0.5
e966da68-01e4-48a1-9215-ea108a4d147d.jpg,0.5
228f1491-bcbf-4b3e-970f-652057dd56fc.jpg,0.5
e2cb69c2-0ef9-47a7-9a44-8cdd76b55e4a.jpg,0.5
b4509179-9275-46ae-b69d-1a55baed1d87.jpg,0.5
c94ffb09-09c4-4230-8e1a-b5e058cd1323.jpg,0.5
c21e8879-bbdb-4549-b218-5ff10ecf8e4c.jpg,0.5
edd11723-95b4-44e3-b540-f53a1860fc8e.jpg,0.5
7e140e20-1de6-49f5-be18-7652ac27f03d.jpg,0.5
08ae0b77-a098-4afc-a534-2b116ecb4a76.jpg,0.5
40b88c05-4e69-452d-904f-d00d2afe5c07.jpg,0.5
4826f365-7aea-45c9-84f2-8a227294f516.jpg,0.5
ce594402-fd78-4985-9831-634d8fa632c1.jpg,0.5
6c362e22-9623-4772-8f4f-534c47ee6dec.jpg,0.5
daa1a36c-ae16-411e-895d-545b18184302.jpg,0.5
6e3cbcf8-2992-4f5d-8af2-6afa986f7fa3.jpg,0.5
fea94864-0c6c-48f3-b9e2-3012c9f00c7c.jpg,0.5
e92c0f46-193f-4371-8607-ad808decc75f.jpg,0.5
ed674f76-0ba1-48bd-93e5-38b6c6dca24a.jpg,0.5
c9b27be4-d4b7-429a-93e6-f187c86dc178.jpg,0.5
5bcd004d-0c6c-4a13-89a5-791ba5ccecc0.jpg,0.5
faf0f58e-ecb6-4350-8df8-d469b93c2fc5.jpg,0.5
44175f8e-4e6a-48ff-ab7d-51e2e65b39c4.jpg,0.5
56e09a56-06bc-4275-9953-5a22cc5b7e1c.jpg,0.5
7e47b43f-9e6f-431f-a8fa-145a1030cc07.jpg,0.5
c9db2660-7a53-47d9-9814-2f0bdd4ae338.jpg,0.5
3e3a3cd2-f860-4979-b7ca-7c1e2c3ba448.jpg,0.5
93d32db5-271f-4315-b468-e50cd9fb7a5e.jpg,0.5
2266a12b-5caf-4a77-8184-45d1c44cef89.jpg,0.5
e1087df4-0241-4b7a-8ac5-5fd232f67f0d.jpg,0.5
9d5e3b27-f12e-4e3a-b6b7-b65180a790ba.jpg,0.5
724ddc27-7e28-4b2a-9640-5c0903741912.jpg,0.5
ccc7b45a-eee2-4f7b-ac0b-25e44cdfe6b6.jpg,0.5
20544ad2-2e62-44b6-a9f2-ce0081713091.jpg,0.5
e3b5e7e3-037b-4a8c-99b7-d7db5c97cf54.jpg,0.5
853a1335-54b5-44bc-9ddc-db23d74ae1be.jpg,0.5
7fad7c0a-9bf6-4e41-aa99-c44966972719.jpg,0.5
b217b742-8928-41ff-97c4-7dfead0b6326.jpg,0.5
dbd15448-67bc-4952-9b2b-75f7d5b5d122.jpg,0.5
16d758cc-e8c0-40bd-ba62-7d7895959b87.jpg,0.5
be5c71c4-c427-4f6a-91b6-e39dca8adb61.jpg,0.5
dae29b86-5829-4592-bf39-c744ab156dea.jpg,0.5
c446ab33-f988-4d4a-ba01-2a3eb64f6ec9.jpg,0.5
8f355ad6-82e1-4371-9e0b-11d6042ada1d.jpg,0.5
e48b89b0-57cf-415a-9394-9e52ff6a5f10.jpg,0.5
7a5bda81-7cce-40fa-a70b-8b27fab90f94.jpg,0.5
e131f58a-0a7e-4e25-8457-b3852ea25636.jpg,0.5
d63a9d5c-77ba-4b82-a50d-0565c6c33a84.jpg,0.5
1fe1fcd4-8ae5-4aee-8bc6-6570ad0f5b38.jpg,0.5
b5731dc9-35bd-432b-bf12-1e4308d7c99c.jpg,0.5
48901e68-187c-48eb-987d-720e1fc0d637.jpg,0.5
ae467a0a-7021-4be3-88a2-46530698c697.jpg,0.5
e481eb7e-ae78-4dbd-9e69-0662b738deab.jpg,0.5
a77e553d-b1cb-45d1-af97-8b784aeba35a.jpg,0.5
e5a69abe-799a-495b-b797-56a63da80b0a.jpg,0.5
f0867ed1-8bbf-412c-a910-dfbc4ebda46f.jpg,0.5
31209e77-3d6e-4c16-bd5c-29a5d0b0fb94.jpg,0.5
338afc68-307f-4d3c-a154-d84df8f90ee5.jpg,0.5
158f058b-9387-4fda-abed-41b8a9a2113f.jpg,0.5
b33ba98f-3e63-4c93-8d55-9e3654e3af22.jpg,0.5
98456250-3c62-4267-b3b9-122d7a599423.jpg,0.5
fdcf602f-cc57-4ca8-b476-d81cff06e59a.jpg,0.5
c95b0e9d-c0c9-4929-bd2e-796402968c7b.jpg,0.5
6beae5a2-6511-4db6-9127-b564c22edde8.jpg,0.5
97ba7d49-99f4-4dda-8229-05a9ca755c1b.jpg,0.5
23c0f7bd-b701-471b-bef2-77b6aadc65bc.jpg,0.5
4383a05c-b400-4cf4-9640-e2d2d9d10fbe.jpg,0.5
b7186209-c3d5-42a1-b7f9-761a97b9ff07.jpg,0.5
0ae48cc2-13b1-4411-83b1-c1215774cb12.jpg,0.5
71b342f4-27d4-4233-9b70-065b89b53bb9.jpg,0.5
f8fce9df-ed4b-43c2-b05d-14c585c476ad.jpg,0.5
83c118ef-e5c6-489a-a048-bcc673819e41.jpg,0.5
0b1a11e0-86de-4110-b68a-b7f9a1a45ee1.jpg,0.5
2e670293-a4f3-4eee-b468-d1794bd521d2.jpg,0.5
6693c05f-a7ff-4197-ae1c-f5835131683c.jpg,0.5
d3224562-9bbf-42dc-b996-29b4ebfe080c.jpg,0.5
ffecf22a-1089-4616-955e-eea6bda851b5.jpg,0.5
5ad6c6a5-76c2-4ef3-8cf1-64b297e9a6c1.jpg,0.5
2e75a8a4-881c-4dfe-9418-d375f99103ed.jpg,0.5
748a6413-5bf3-430e-845d-e34f09fa62d7.jpg,0.5
eebffab8-dea8-4ece-99ce-44d2562332be.jpg,0.5
e249aaf7-2e12-4ef8-89b2-fcdd0755f16b.jpg,0.5
890963ce-02a3-4d26-9b7f-a568693d7947.jpg,0.5
92866f7f-795a-4d8f-85df-750f780da740.jpg,0.5
cfb878d1-7554-4b32-9f84-67c65e6fadc1.jpg,0.5
31d0a036-9da4-4de6-a6d9-c022e38766f3.jpg,0.5
66191283-bde2-4bbe-9b67-242ebc461b45.jpg,0.5
13b9d35f-43ed-4e57-b976-80f57bf83fbb.jpg,0.5
7db53bff-429d-4413-a31d-d6b37e2db3ee.jpg,0.5
50ec5649-b70a-4a58-a4c3-95b8d8ac3440.jpg,0.5
0cc192c7-9985-457d-890c-62a83609c174.jpg,0.5
33dd30ba-6cbb-4286-aff8-ca92d95fe016.jpg,0.5
1a0308bf-ffc7-4f06-ad9f-ba98a3ff71df.jpg,0.5
bcb075a7-97b7-4bb1-a2b8-5843fed7399a.jpg,0.5
8141d153-986d-4de9-9a2d-3ca2f129ac2a.jpg,0.5
8c5b4cf4-8793-4e4b-a671-ed010f62cb90.jpg,0.5
2791cba9-cce9-4423-896c-c65b7e60f78d.jpg,0.5
6e5287a0-3ab0-4b3c-9316-dfaf1957725e.jpg,0.5
5d90f796-c1a6-4879-afaa-15ae2898af8e.jpg,0.5
a5450e61-1169-4cb9-8ef4-2112a2f1e02c.jpg,0.5
3d919c4e-6e04-40c1-885c-9941d6c842ec.jpg,0.5
6803378d-894c-48ca-8b85-a7ed7208ffe6.jpg,0.5
ee9d5a65-90c8-4cd0-a829-b96719866969.jpg,0.5
d577e589-2064-4eb2-a8dd-373163b9309b.jpg,0.5
c7d3bd4a-ba4f-45a7-98ee-70e69e24ada1.jpg,0.5
950ed338-4dba-4c7f-a05c-35619d084772.jpg,0.5
ae081c83-350d-4bc9-85c1-2ec797f2cc7d.jpg,0.5
d741cb3f-67b1-4e4a-9032-c9dcdb34c35d.jpg,0.5
cfe5b6f2-d555-4ca8-818c-4fcbb0970b6e.jpg,0.5
d135e35e-08d3-4b39-b1bc-800f2ce7b309.jpg,0.5
4b384643-6b48-4f1d-aa48-f44915cf34a5.jpg,0.5
7382e352-f7eb-4a53-8527-491cd1c36823.jpg,0.5
b54c4660-f156-4f51-ad80-440b692593af.jpg,0.5
7c4b3abe-5f38-46a2-92bc-c56a96b9b7c3.jpg,0.5
a6bda0e9-8c91-4a28-bcca-98fc9e2b444b.jpg,0.5
04a2480f-5616-46f8-9910-eeb02120ecc8.jpg,0.5
7183565d-24c7-4ef2-95d1-a8b0ac612692.jpg,0.5
614064c4-7c05-419d-9429-b49fe8fff5f8.jpg,0.5
342660e9-f4dc-486f-9993-6f21f92a1ded.jpg,0.5
715bd5a0-a871-47cc-9eba-862b643d2f28.jpg,0.5
a8edc9a4-f323-42a1-9afa-606b8e3aafbb.jpg,0.5
f6c6da93-e9d4-4352-ba4b-0bd046f416af.jpg,0.5
63f87fe4-d57e-4cbf-afab-9386fb47eaee.jpg,0.5
94c1ceb9-2bc7-4dbb-bc67-8cf25679ae4e.jpg,0.5
ac2b7d41-451b-485a-afd2-6f6e4dd63898.jpg,0.5
aba39e54-7138-495b-b756-2a5c646d608d.jpg,0.5
05f96e78-81db-4e55-a2c9-410c194e07c9.jpg,0.5
182c3215-aae8-4c39-b407-8daaae2e7cb3.jpg,0.5
86250235-3f37-42dd-86cf-80930114a954.jpg,0.5
89bb5915-ad01-4640-9071-1426415e5ccb.jpg,0.5
1d1d602e-1cae-43f7-bd3b-2eadf18b5a78.jpg,0.5
4bb3d425-82a1-4e06-b14d-b0bcf0ea8740.jpg,0.5
4959d5f6-0a09-4627-8350-57ab5c61a199.jpg,0.5
0b51309e-4aed-4a05-a5fb-ae953540460b.jpg,0.5
b4c9c9ef-ddb3-46c6-883c-d7dbdce65146.jpg,0.5
28b5e239-cea1-4bca-a242-3c4b3d99edf9.jpg,0.5
54de0c76-9cc5-47c4-885b-53366c2d24d1.jpg,0.5
7f20c0d6-8bc9-473a-b470-097f92d2dbec.jpg,0.5
6e0d38cf-661c-44aa-a4cb-ad53966e6988.jpg,0.5
45f1c791-b9a7-48d5-822f-3fd9797b75e9.jpg,0.5
278956fc-cde0-424c-a037-2131ccbd3714.jpg,0.5
608d43ac-730a-44e5-876b-a57595c20b8c.jpg,0.5
481a12ea-ede1-4efe-b29a-d53f47dda2df.jpg,0.5
1064add4-7744-4175-89b8-00fbc8c5a654.jpg,0.5
9971428f-198f-4764-88c7-fa3dc14116aa.jpg,0.5
b1caf9cb-d1dc-4551-8fbe-788bdfeae274.jpg,0.5
1f980bdb-21ce-48c7-8ce0-9efc3b685b6e.jpg,0.5
6c0467f9-c1f4-4fad-9a37-feacd694c5fa.jpg,0.5
aebb4e27-97df-4ad2-aeb5-da1ad49c17fc.jpg,0.5
cddeb807-18dd-4a9e-ada0-a4621501d749.jpg,0.5
40a74546-d65d-4e65-8999-b762e743165c.jpg,0.5
dbcdd8e1-7f08-4c92-b496-de314dce8400.jpg,0.5
cefbcd66-b195-4a70-8054-1ee7ad1e103e.jpg,0.5
b8d418a9-8d8d-4a5d-b839-b3ba6d28145c.jpg,0.5
69430c31-66b2-4661-9ff1-d3a60b4cf799.jpg,0.5
a83791c7-ae0d-48cb-a3af-913468c2cb22.jpg,0.5
18551136-1c6b-4415-9b19-640358565aad.jpg,0.5
871cace4-52c8-4cd5-a25c-83ba294cef50.jpg,0.5
52b589ff-dab2-4f20-bb43-c65859f5b043.jpg,0.5
3003f439-75c1-4526-845e-07c63b913768.jpg,0.5
dbbd3075-aca3-4435-ac49-ee517ba56bd9.jpg,0.5
c719fe7a-70a9-4eec-a98b-916f2a9b0de1.jpg,0.5
68764313-bc68-413a-90d3-7f178afef6c7.jpg,0.5
1f562614-17b9-404e-8aa1-ea53ce92871b.jpg,0.5
a5832e7c-8501-4f30-9bff-e7c361bf1a62.jpg,0.5
553f6ea1-dab3-4355-bf25-b6cda9d23660.jpg,0.5
e417a01e-dd46-43f4-a75f-76e5508dc7e4.jpg,0.5
191ab380-7be4-4b56-85a3-ad9694ac93d3.jpg,0.5
f2f17a28-2f6e-4608-8001-ac3c1b63c9cb.jpg,0.5
02e7ca26-168e-4501-8f65-390594d66762.jpg,0.5
b408a6e2-b36e-4f3f-8889-46f1a8e94c6d.jpg,0.5
a98c3396-ae91-4454-a137-82826b35e9fe.jpg,0.5
8eedc51c-a957-4bad-8bf4-9a0ceb62374d.jpg,0.5
9c0cfc8b-d518-4c4f-abe2-b6702d3bd896.jpg,0.5
c4eb79d7-e372-4789-bd33-f23dbcfb1be0.jpg,0.5
83485d12-4af2-4620-8252-42ec6d4973ea.jpg,0.5
383d727a-c8fe-47e3-8403-eedd657debb1.jpg,0.5
a577fefa-fa0c-4489-86c2-3d95ddbff6ec.jpg,0.5
ea4ed84b-40e0-45b3-9686-5a295d074789.jpg,0.5
7b6f35f5-2b6f-4302-9a8c-795b9913dda3.jpg,0.5
244555e0-3059-40aa-85d4-c85f7cd9ac20.jpg,0.5
be7bcd86-b266-45d1-b167-bc9977325724.jpg,0.5
cd3a0a62-eba8-41a7-8404-c000dc21b432.jpg,0.5
ee83ba5a-00ed-4872-ad86-d39da485af98.jpg,0.5
1e1c102c-5420-491d-aa9a-bcd9bde3318f.jpg,0.5
e1724288-e21b-45cb-bb75-3893f4a68a50.jpg,0.5
7071bac2-f43a-476b-82a2-64a9fcdf8d40.jpg,0.5
4d99287f-37de-49bf-8d5b-e21a1b76decb.jpg,0.5
bbc3e187-1401-4b27-9e18-1af0b6a5ee8f.jpg,0.5
a67d5275-0259-4d04-9984-29503eabcfcf.jpg,0.5
0135642d-c80f-4c37-86db-e989324e961d.jpg,0.5
b198ed50-6355-4157-84ee-f1a07712cae5.jpg,0.5
b074007d-7ca0-4864-9c39-334057af40c1.jpg,0.5
18499a44-67b3-4f51-a616-ba1bb61d8885.jpg,0.5
fdd601c9-52ab-434f-b19d-39d56aee989d.jpg,0.5
7b9a9350-b22b-4f59-9d0e-2d0d53493079.jpg,0.5
c9840f26-b9d6-4548-84ac-30ad8e3b9928.jpg,0.5
efb42413-7915-469d-b2e0-7cc1dfe6d31d.jpg,0.5
83508e18-7fa1-4ea9-866c-f9fff203e4ae.jpg,0.5
0bd45ff7-e9be-4f41-8a0a-430496b71a50.jpg,0.5
5c233152-acd2-4444-a1db-09533616c62c.jpg,0.5
b0267711-efc9-4844-89c1-011c513dbf6d.jpg,0.5
37db29d6-44a5-4a5b-9fbd-9302cfd7661a.jpg,0.5
08887ff4-8bfe-4245-b908-d04d95b84672.jpg,0.5
54860889-8985-47f6-96c9-270d4f4b8260.jpg,0.5
ea7093fd-deb2-495d-95e4-790b0486cb2d.jpg,0.5
bb6c240c-a812-4a10-8064-ba25452aefb7.jpg,0.5
5962431e-ffb3-4abc-b747-db42f82530f9.jpg,0.5
b05cff25-2bea-40cd-b226-16f1a7d04ced.jpg,0.5
93dd627d-6ca3-4df6-ad96-9a9087a91395.jpg,0.5
87522927-6fe1-4e8f-8015-a5fdb624bf1e.jpg,0.5
7ae40ee1-31a3-41ae-8ecd-1e47f1f6508a.jpg,0.5
a753eaa6-a352-4f20-b81e-2965afc79374.jpg,0.5
bb3ac3d4-b661-4ed9-838e-4d2e9bdba9fb.jpg,0.5
efcc0db9-02fc-477e-8887-1a68f961edbc.jpg,0.5
8f03f434-a134-4b74-a5ef-20efc72e1c88.jpg,0.5
26d3d400-f60b-455a-ab3f-b9a319f79f98.jpg,0.5
0f089615-da45-462c-9ac8-49c41c3b0e4d.jpg,0.5
14be5d45-346b-4972-a664-a1cb4abcdc26.jpg,0.5
55f0ea04-06a0-4976-82f7-418fdd3dbae4.jpg,0.5
0b36aef7-bb8e-41b3-9666-f76d4528581f.jpg,0.5
c7fb98d7-12c0-437b-b1fe-19c9420f371f.jpg,0.5
ee56948b-f2f6-479f-9ca5-2805c1fd2c98.jpg,0.5
0689aac3-653b-4be0-b027-5d38492ca444.jpg,0.5
3bf41016-1f9b-44f8-bf3c-4066f0e1ff42.jpg,0.5
ca96368e-af54-4b0e-ac37-47fc602aa89e.jpg,0.5
95914bb8-2da0-4d47-982f-538be41c82f2.jpg,0.5
2ebe3061-4559-4009-a423-78c8ff7cbb01.jpg,0.5
9d6a5a92-3e8b-4fad-97a1-1d9e544a1325.jpg,0.5
6edb267d-38fa-47e8-ac8e-61e4c4cce897.jpg,0.5
98b49213-ae1f-4b00-a196-5d25573b1f82.jpg,0.5
edfbb1c5-859f-43bc-a9cb-070173b16427.jpg,0.5
4ef62db1-5d6b-498b-99fd-ebaf38456cbe.jpg,0.5
2e04f074-d336-43b3-aa51-6a6d40caa49c.jpg,0.5
1ae5baab-dc46-4016-b5f9-5a9706545fd8.jpg,0.5
4a89d371-1c04-4a73-b21f-0370e5dcf1af.jpg,0.5
9ca68609-545d-4a6b-b6bd-8b55992e2aa1.jpg,0.5
222b9680-91d0-466d-93b4-cd6c4ea40e99.jpg,0.5
c74868dd-7530-44bf-8fb1-3de37f391c08.jpg,0.5
16e2b123-68d8-4a5f-aed7-b819c4eeaf0b.jpg,0.5
d63bb378-0eac-4b63-a6bc-a9d5b5fabe0f.jpg,0.5
338340d4-8194-45a9-acf4-dee7af0aabf7.jpg,0.5
44274bab-b165-4d3c-a779-1cfa394515a5.jpg,0.5
ed03296f-0712-4a7f-9fa7-652f9846934d.jpg,0.5
f22145c2-867b-4046-a023-cfdefbabf738.jpg,0.5
f460c84b-dc12-4466-a297-f18760afd2a9.jpg,0.5
bb625df6-2e21-4dd5-a2ad-10a9e4875f36.jpg,0.5
34e8d4f8-8fd0-411c-abb2-30fb2dd75c69.jpg,0.5
d49a1927-33cf-4af6-a890-8bb628dd2322.jpg,0.5
2c040e5a-4481-4be9-8fee-51ef41a69dd2.jpg,0.5
764cda67-8a52-47e2-9efc-b6b44700780a.jpg,0.5
82cb38ed-dc0b-4e36-80a8-78d87289c684.jpg,0.5
89bbf7f2-c0b5-4db7-b8bc-e26fc5d5fb47.jpg,0.5
723586ce-1055-4d10-a194-6fe9f706d96e.jpg,0.5
cc68fd77-9008-42a9-bbee-44b69a3ccce4.jpg,0.5
73523079-7b04-45bd-bd56-6b44b2689c15.jpg,0.5
86d39247-0230-4595-b7bf-196da82ef023.jpg,0.5
32b3ec75-439c-4141-b67f-3f87e46b75fa.jpg,0.5
5c0c5c85-61fd-431e-8382-08c331573a7c.jpg,0.5
3d4a3c2f-0cf8-45b3-bf53-ad22fbaf2844.jpg,0.5
c2cf652b-3112-4796-a341-ebff2ad8584c.jpg,0.5
44fecead-0f08-42ac-8f09-f03b296d6fbd.jpg,0.5
a634efeb-0ee5-4e6d-b808-13778eaf45b1.jpg,0.5
e79ec3d0-d70c-43dc-aabb-5f5ec6ac9259.jpg,0.5
ce3ce12f-f4bb-4e81-b6ec-d82acc3f956f.jpg,0.5
c5367e93-905f-45b8-9f2c-361c210a1408.jpg,0.5
1abcb956-c4df-4238-bbaa-1a55ab7b8aef.jpg,0.5
06dad1c8-0c13-4da9-96df-1e824f2d2dfb.jpg,0.5
88c9e00b-2370-40b4-a2ce-1bbfafcc2904.jpg,0.5
d389fdcd-6d76-438c-bf29-9989bdc89a21.jpg,0.5
69d754cc-0644-4bd3-a95c-055316fb80a4.jpg,0.5
39083b93-831b-4391-a7b1-2398f3d6ff99.jpg,0.5
69bed9ef-6fbf-4509-bcd1-7b7dcb0481c2.jpg,0.5
b1805677-d9ea-4ccf-aaf2-d3b0049ff8c5.jpg,0.5
10c5dcef-73b4-4b62-8cb9-db4aaf2fbe89.jpg,0.5
ed7d7e87-b76f-4d8b-bea1-6e53c1294eb3.jpg,0.5
801ed1c2-702c-4043-bb6b-9f74c142164a.jpg,0.5
043a1ecf-24a6-4c3f-880c-be2e0e1ab897.jpg,0.5
13a407d9-9246-44bd-8d49-a819fbdd3174.jpg,0.5
3eba85bc-3fbb-4cfb-9bb1-0f513e8b74d7.jpg,0.5
b5067535-9489-486a-b91e-2faf96d0122d.jpg,0.5
6756c7cc-4cbe-4dbe-a83a-bb5d62313a42.jpg,0.5
62de1f5a-65bc-470d-ba6b-f8418f461cc8.jpg,0.5
ac3c08df-a7fd-4252-9fb7-626b03889446.jpg,0.5
6b973f53-a1ba-4e76-be8b-ddcc8cc725b1.jpg,0.5
27fdcb54-0a24-4dc6-9081-e74804437061.jpg,0.5
7b4d3b68-2e74-4b90-86b7-45f020099244.jpg,0.5
2577d6e8-225f-4bf9-bb2f-b12f8980c0f1.jpg,0.5
74e7546d-d7da-4cbc-8464-4d0ad1704f47.jpg,0.5
85d8d003-2fc7-4e31-ae3a-d141506ef1f1.jpg,0.5
1877b34d-4c08-4f68-8309-37c1e9d1a457.jpg,0.5
8e6bfa59-f70f-4419-9a9f-3d0c985226cd.jpg,0.5
1b4196b8-109e-4b39-a5b6-f4dd31c48a83.jpg,0.5
3b08ea36-7945-4f7f-9a96-e740d8554cc9.jpg,0.5
63024f38-cc96-4c55-9905-62896d25011f.jpg,0.5
11fc6fa7-981d-43a7-8d56-b355b3f18e66.jpg,0.5
3f0d03e2-97c0-4123-a974-59188cd61e5c.jpg,0.5
b61ac772-9de4-41e5-aa93-d0bc79e41ef8.jpg,0.5
6b9a601e-ef7c-4752-8353-b37f62a699b9.jpg,0.5
8c245c07-160f-4782-b2cd-cea20732e090.jpg,0.5
ab12af98-a082-46c5-b43c-0f20e6c6d5ae.jpg,0.5
6c4a9256-5b57-432f-ac5b-a97b02bcd76c.jpg,0.5
b8f0fb56-f7bb-4642-a921-751877821f34.jpg,0.5
a74f7765-1db5-4c02-83bf-3ecfc342e110.jpg,0.5
1ffe0294-32c4-40bc-a38e-ace5702b8d7f.jpg,0.5
db564f5e-d8df-48aa-9fe8-cae1c84d423b.jpg,0.5
d82c5bea-bfab-4989-b6bf-02871dd0374e.jpg,0.5
00fb93fb-31dd-44dd-a8dc-97c8e318d093.jpg,0.5
e8c329b1-cad0-4bcc-9361-b91b818f966c.jpg,0.5
76681251-0df8-4310-a480-a17d1000afd0.jpg,0.5
fccdb150-967b-4f14-894d-7e47c1903b49.jpg,0.5
4f2579c9-ef28-4f4a-963b-439d23c083c9.jpg,0.5
1fa65cda-6160-44b4-971a-af70e321aa3f.jpg,0.5
20a2a077-f411-47bd-abdd-703db6a9262f.jpg,0.5
7dffd813-b2f2-4168-bb4a-601df3181ee6.jpg,0.5
4b35fdf5-6369-408d-8bc1-bbdf3035044c.jpg,0.5
a3e8eedf-392f-4d86-a604-4a68c501f104.jpg,0.5
d9315006-baee-4a6e-8321-1013b2899f5a.jpg,0.5
fb26d567-45c7-46a2-8354-e243a5913a99.jpg,0.5
8aa0fe9f-302c-4479-a5c0-3cd204c3fc08.jpg,0.5
c95dabb7-0971-4619-ad98-49a5f19911c0.jpg,0.5
ec1db347-d194-4f59-8105-a71a85a08add.jpg,0.5
94aaf317-2960-459e-8a21-ea5958b9a99d.jpg,0.5
3a386f88-b8b0-4b5e-a997-63609ea2c1d9.jpg,0.5
7bb810c5-2211-45ce-bebf-bd71592365b4.jpg,0.5
4c9c24fb-892e-4bbe-a549-048537010031.jpg,0.5
ab47529a-d57a-4022-8068-170cf95f5155.jpg,0.5
bd0fa532-6d49-4303-b04c-ae3eb2ce9c0d.jpg,0.5
d1907436-6443-4c21-9b0e-e71524dfe535.jpg,0.5
ef49dbe2-475c-487e-b974-af2ee6343b0a.jpg,0.5
b2686212-d079-49e3-9dad-829579e50d5d.jpg,0.5
209d3168-9cbd-4893-acff-654ce5a44198.jpg,0.5
e480141b-58c5-4889-a136-a55a6d421a54.jpg,0.5
081e92d0-3f1f-4fa2-936c-54d2bd6c9ae2.jpg,0.5
5ce93c21-bf91-4dcf-af99-0d2decc5554b.jpg,0.5
969a9331-a2f5-488c-a1a0-1c4d5f476599.jpg,0.5
33bd0124-6438-439a-a4f1-85cdf2cd1e9d.jpg,0.5
6ec4f1b8-e866-4a2a-948a-356c55f0bd23.jpg,0.5
5781b098-b254-45f0-b931-8bf53a2a44b8.jpg,0.5
2d3ed761-af9e-4501-89cf-73d521e3f8f6.jpg,0.5
5586e35d-49a5-40e2-9f57-cfd063cfcd61.jpg,0.5
20ac2d54-73a4-42b5-8d7f-08257cd5906d.jpg,0.5
77de96d5-acdb-49ce-ba38-d68eff157087.jpg,0.5
b43d4abd-87f9-43af-afe5-e7c024f71ed1.jpg,0.5
4f6f2e0a-f63d-41e1-b2e6-bf5e76a746f7.jpg,0.5
8de209dd-ce8b-490f-8adb-01ea44c44712.jpg,0.5
3c89cfd3-45f1-411d-ae41-c93af57fdff6.jpg,0.5
ce095d76-b741-4fd7-bcb7-e65fbaad63db.jpg,0.5
88666be3-75e2-4962-b797-07b00ee6b1ed.jpg,0.5
26015424-90a1-4754-b3ed-e6299297792e.jpg,0.5
6794a151-612d-4fe2-ba6e-98ad4bed13ba.jpg,0.5
c224ca2b-da07-46ac-89b3-adf9d5adf9b9.jpg,0.5
36c5ff70-f083-495d-a68f-bf4c214d83e9.jpg,0.5
581f5024-a97e-475f-b7d8-93bc3ced4c4f.jpg,0.5
4bd25e36-0b9f-48dc-875c-1b6a49bdf1f0.jpg,0.5
24868c43-071e-4fcc-99c4-a1f0e06b40fe.jpg,0.5
2f983134-9d59-46e1-b65a-1a497c78b919.jpg,0.5
5e5dc9bd-0d7b-450f-b148-42fb916f10f6.jpg,0.5
6751bee3-0a21-4bdf-ac40-f2247732cc10.jpg,0.5
dc5a3bc5-cfdb-4274-aad7-22721846a526.jpg,0.5
57e8f326-96e5-4316-9eaf-6380c2621753.jpg,0.5
50101908-5c7c-4edf-8e30-d20b5f73f5fa.jpg,0.5
c9b3566f-c7ed-4135-98b4-532d53fbc606.jpg,0.5
0ab77dcb-ba6f-4883-9b7b-e93f2fe45b32.jpg,0.5
0b6df3f1-2610-4252-b391-d26e9a42b84c.jpg,0.5
16c64cd8-756e-4941-be1f-aaec2c3a203d.jpg,0.5
f66e643a-05fb-44d3-8036-88c92eaabc99.jpg,0.5
aba4e265-f54f-492d-bbe3-345cca120d69.jpg,0.5
a08f73ab-ffc3-44f3-afe3-f571db5d70db.jpg,0.5
722c4c5a-8caf-4760-bd8d-57d34f0e2e5e.jpg,0.5
54726697-e6c9-48b8-b5bd-b505f5b9b66b.jpg,0.5
322241d1-b83e-43d2-a8b4-67bdea46d18d.jpg,0.5
7d00f1ce-357b-4c3a-b99b-2b7de02a2615.jpg,0.5
e588476d-d81d-45d5-9f39-139c7f8b18a0.jpg,0.5
6d1dd28c-c795-43b3-9f22-c16772533e77.jpg,0.5
fe027f71-5f33-4e2c-b02e-2d3c91ca103c.jpg,0.5
2e75067a-baef-43e0-8e9b-e9561a0cd54b.jpg,0.5
d97eede9-b0f9-4a98-86cf-d80f342e6e23.jpg,0.5
fd13b5e8-360d-4bf0-936f-3c72781e55cb.jpg,0.5
b1899a09-332d-4a0f-bb09-c69d0355f2ca.jpg,0.5
52253eb4-1991-4d96-84be-ce8da09217a6.jpg,0.5
c4ec0e6e-b56c-4803-891b-8c685cb9a798.jpg,0.5
5f4c44b3-b17f-453d-9c8e-08e3f0034c96.jpg,0.5
739b7243-4d7d-4ed2-bda9-64b428fb4d25.jpg,0.5
59133a32-c0f7-4f59-931a-9091ff22438a.jpg,0.5
88c2f4f8-d258-4cfc-be34-ac92c366cb7a.jpg,0.5
545f35a8-f88b-4624-8bae-b85629a725d8.jpg,0.5
2f12841a-7f92-47a6-886b-7dae869598a6.jpg,0.5
f8f76a3d-f000-4b0a-979a-bd7abd34d926.jpg,0.5
ca29ecec-bb1f-4f51-8670-3f50469e6322.jpg,0.5
8685d218-a126-4fa6-9100-912d64fc21f9.jpg,0.5
d6f7ae11-8718-4bc1-bef6-14ed55a02cea.jpg,0.5
8e0d465f-4ed1-4490-85fc-d9ee16832f5c.jpg,0.5
8b276795-1747-457e-85bd-655270840849.jpg,0.5
e36e09e2-7202-4523-bb2e-8655244af256.jpg,0.5
0cfc6ec2-a82b-47a4-939a-8f78f980f61a.jpg,0.5
8916f478-3479-423f-8b5a-629678845176.jpg,0.5
e201b8ee-fd35-4bbe-9a2a-4ba36df3b7be.jpg,0.5
ef3baab2-ca07-4f9a-bf10-875318a9f15b.jpg,0.5
7e26d857-7756-4b04-83c0-c02f2176490a.jpg,0.5
bc666339-2695-4244-a82c-53dbfc4ec7c7.jpg,0.5
d0d02811-f291-4955-a1ad-036e2dffb33c.jpg,0.5
db7a9c48-e193-46a7-9218-3a37f3e731ea.jpg,0.5
bff26663-e6c0-43bb-be81-755ac37d8278.jpg,0.5
dc64987d-eb8d-45f4-8498-30a3bd05ec62.jpg,0.5
54acbf47-e1e4-46c9-879c-a1bf245e5d59.jpg,0.5
67a80077-dfa4-4516-8584-e89b8085a296.jpg,0.5
80284d74-2582-4c20-9435-8cc90171dd00.jpg,0.5
9a7bfe2f-9fd7-49f6-834f-807f66920559.jpg,0.5
426dacdc-f355-4fca-b092-0ecea41f8aa3.jpg,0.5
633434b2-75c5-4c06-a01c-ba7ca14d4acf.jpg,0.5
1b1c7076-5fde-4498-825c-e45a79e00d71.jpg,0.5
39bd1449-ff7c-4890-a47c-6da9e74a6a5e.jpg,0.5
f1332458-0eb0-4180-b6c9-0d86615a8ea3.jpg,0.5
c39f8688-2c4a-4a5f-b89b-a0512f6ecdc9.jpg,0.5
209659c1-a62d-4d6b-af96-1bc9e4f9da8e.jpg,0.5
cd09a97b-385e-4d62-b9cd-54720b3f38a3.jpg,0.5
ff46ce52-5ce3-4125-bef8-7c4e250164c3.jpg,0.5
041786ef-54ad-42f8-83d3-2450bb3c8de8.jpg,0.5
9bd1eafc-5042-4949-b2db-120cf33b6ed6.jpg,0.5
1945a421-971b-47cc-965d-74733dbb2ca2.jpg,0.5
0e7806c6-e508-4617-81de-78c217e0f7f4.jpg,0.5
5aed15dc-e028-454f-a4d8-c2781c4ee7eb.jpg,0.5
f134000a-c86e-4b8a-9887-87cb72f9e595.jpg,0.5
9fdbbabf-b1f5-4d57-b927-c72cbadc4b62.jpg,0.5
a0af2f49-1b3b-41d9-87a1-8b23cdc8c0a0.jpg,0.5
c68dcb72-c788-4f83-942a-68aa50103624.jpg,0.5
17e18cbf-cc80-4410-bd2f-056eab620000.jpg,0.5
2e5ace17-1115-4129-a390-0e3c9a03a673.jpg,0.5
23c988aa-2a10-49a3-9856-c664ec3ba171.jpg,0.5
39cc4345-77ea-476e-b139-073edaa1bc7c.jpg,0.5
a9d5c5d6-2497-4913-a5f4-13e3fc2eed58.jpg,0.5
3538ccb7-f545-4290-893f-85d174ddc8dd.jpg,0.5
ce42e8bd-acdd-4156-a570-d7011cfc4803.jpg,0.5
4447092b-b46c-4aa4-b5b6-0b5b37c21f4f.jpg,0.5
2e60ae0d-fe6f-4b00-b871-f3d5bd32377c.jpg,0.5
969cf28b-1b53-48e5-bb1e-15658c02ec99.jpg,0.5
c5b26db6-fb50-4889-97a7-835bca2cf0ca.jpg,0.5
2c99ce43-d99c-476f-97eb-993ec1f3a074.jpg,0.5
a6649547-3fcc-44c4-88ea-b64753e0db1a.jpg,0.5
0a9399f7-4655-4d07-9749-8ffd369400c5.jpg,0.5
710aac7c-caee-4413-9a3d-8044b486b824.jpg,0.5
18f5732e-b097-427d-9712-06823d981322.jpg,0.5
ff728081-5aa3-4f97-8c5b-d2d50a779449.jpg,0.5
65ccc4be-a106-4d5c-9d8c-bd93d1ff84cd.jpg,0.5
a1ab583b-bddd-41ca-a56b-96c4e84bc6d2.jpg,0.5
674b4c0f-326e-4fc3-9263-979de58d4656.jpg,0.5
b69c0193-8832-428a-9139-29d4604c0a01.jpg,0.5
414da30a-11b6-452f-99b5-7f127c84e6b1.jpg,0.5
e4c80122-73b0-4d06-b606-41fee807d135.jpg,0.5
2fdf0c2b-7eaa-401a-9ae6-ba5e82f1a20d.jpg,0.5
aa57fed3-40fa-4d54-8df6-6eba77b1cba5.jpg,0.5
269e6cdc-15ba-4c1a-ac05-da4117d85150.jpg,0.5
28efbf44-e126-4f1a-a356-460a50f418da.jpg,0.5
f9573db1-7451-4e0b-8bae-9713ad67dea2.jpg,0.5
a1e11d2f-cfab-4b3c-8e21-6a82bd867f5c.jpg,0.5
aae0ec4b-bc07-43d9-8096-428b50e23af5.jpg,0.5
7c184c1c-0c05-4a5f-8235-618eaee97d82.jpg,0.5
ab0aeeab-099e-4d56-8e51-bf28cfce2dc4.jpg,0.5
b8cf8fad-7382-4ba6-bf0a-902bd05c79b0.jpg,0.5
7f4bba37-b9da-453d-87f2-b1d8e1c3d509.jpg,0.5
2448e4c1-e2fd-495a-8e53-175f63174f86.jpg,0.5
01bdb446-67b0-443f-8595-3fb48636cdf2.jpg,0.5
b3509097-07ab-4e4d-890f-e1e33491faa7.jpg,0.5
d916193a-0580-4d9c-a571-632c114f1bc0.jpg,0.5
3c65872f-e763-4042-ab3c-59b35891c040.jpg,0.5
b2570af7-825f-4cb0-8116-7c58f0ff7660.jpg,0.5
f12ba462-02c5-4eb5-b4b1-416ef48e6afc.jpg,0.5
471ccb16-6e69-4aa5-8cdd-e662e90b92d4.jpg,0.5
3ac0fc57-f79b-4354-ae21-4fc30d171f28.jpg,0.5
eed7cf37-1f1a-487f-987d-4921d8c0f764.jpg,0.5
b26ea479-2f36-421b-8759-f7c0bc7c7adc.jpg,0.5
4b3edd87-a3d5-4532-a817-d504beaaa283.jpg,0.5
a3901e55-7a6f-44b0-81b3-4d17b0d07fe3.jpg,0.5
87ca5c4d-2a6d-4629-a95b-43e5c68103b5.jpg,0.5
abef138d-1958-4abf-adff-88b0993cfaea.jpg,0.5
d9a958df-6cd1-4ad9-9ae0-b975be5f64c6.jpg,0.5
a8134da7-bd8d-462b-9f65-e4df24583b2a.jpg,0.5
de082fb5-cb18-4516-b8d6-e474fe5df041.jpg,0.5
2443f11d-9209-4968-8770-ccc3a58c25be.jpg,0.5
f3e43718-c3df-416c-9fd5-c3eca6f45f06.jpg,0.5
fb50754c-07ae-4d8d-8f3c-cfbd86044219.jpg,0.5
4f179072-af05-4ba5-accf-41b70963a297.jpg,0.5
fd9cef83-b413-4d60-8d7c-c6c997337286.jpg,0.5
4330e898-726f-45f5-aa4d-b5577b555616.jpg,0.5
3eee9a28-884c-4ff4-a327-3cddb5d501b4.jpg,0.5
b7af3a3d-ee44-4eca-9357-a3409dd286c1.jpg,0.5
c310122b-8e25-48f0-a704-a19c1e4a2e7d.jpg,0.5
04fd6348-0ed0-4901-927d-a13eb7102490.jpg,0.5
a0d2c073-85e6-4951-9f8d-199c2fbf2337.jpg,0.5
c1e7815c-677a-426d-bbf3-a4bfa23d39b3.jpg,0.5
b02b04a9-9cbb-498c-aecb-dadb0532c22f.jpg,0.5
c2335875-585e-4ddf-8a1c-954780bb9fe0.jpg,0.5
d641ce97-cbbc-4324-9e43-a018295d04b9.jpg,0.5
52225572-7b22-4ece-b788-c8276fac9f11.jpg,0.5
fc12450a-6932-4db1-b273-3b839f526593.jpg,0.5
dded774b-8161-4f34-8667-655ca1a9af1b.jpg,0.5
69ae8621-e3a6-4743-94e3-9600449f8195.jpg,0.5
fe735cfc-f742-405b-a868-8cb2c5500fd0.jpg,0.5
73aedb5f-9866-42d7-a764-6bd0312dfc08.jpg,0.5
1164e659-521f-4ea2-8761-b420e02af442.jpg,0.5
34b0ae68-461e-4ba8-bf7c-38c50a8214af.jpg,0.5
deda1297-bb71-45bf-aab5-c163c7a66bc0.jpg,0.5
41160956-6a4b-4cd9-80ee-1179ca525992.jpg,0.5
06335fae-5148-4538-af83-655f1433cc37.jpg,0.5
9edc3b24-3e79-42f5-9fe5-c13b57392c38.jpg,0.5
d696bcd1-7614-4b7b-bf89-bca27df5219e.jpg,0.5
757f3224-9887-4bea-9b8f-96f75d834b5c.jpg,0.5
a225d5f8-1bd2-4058-8032-8792a7012d0a.jpg,0.5
7178e5b0-ba19-48ed-b820-832d97f85194.jpg,0.5
c684910a-4432-48aa-8dc1-02359ee5d8c1.jpg,0.5
b9b49d28-dc44-493b-bcc0-bd2f444e446b.jpg,0.5
1d67bd84-cd29-42a1-9b70-8fee20f93f86.jpg,0.5
6e96da6f-1761-464d-a26b-26f4d7e77b15.jpg,0.5
71833827-b274-4e51-9243-02a63245d2e6.jpg,0.5
f88f66c9-89b1-476c-ab1a-d22d0331578e.jpg,0.5
5d0abbb9-28d6-4f42-8770-72b6a6b6a76b.jpg,0.5
fd289c47-fc69-4f41-92d7-8982bdfceb2a.jpg,0.5
667c4034-2d15-46f2-a612-04858793295b.jpg,0.5
2c1a49cc-349f-42e6-b1f9-814838572211.jpg,0.5
82457b8a-0ae3-4640-a22c-10594c229343.jpg,0.5
095797d2-3ed9-4de8-bdfd-d316c5a479f9.jpg,0.5
a25e4fb8-995f-4ada-9b29-e346fbd0a087.jpg,0.5
1ea56bed-fea7-4dd3-9f59-44150a59d2ed.jpg,0.5
f792c634-72fd-4961-a290-0db84b3cd1c2.jpg,0.5
3deec6f9-d285-48ce-9af8-ace58183d801.jpg,0.5
c5a65afc-d465-4e9c-a13a-1360287feff8.jpg,0.5
d06c8d15-39d1-4c29-aad7-a0a2d5b21282.jpg,0.5
4f834295-31ba-443f-9196-84e635b2aa0b.jpg,0.5
ca0ed9c9-509d-4c91-8742-8e95883c4bc7.jpg,0.5
7302d205-9a6f-4a61-8bb9-9dff29d0183d.jpg,0.5
b4e6c851-be0e-40e8-b4c2-555851b75360.jpg,0.5
83d966e2-929c-4aa6-9d02-d2aaabaa178c.jpg,0.5
af7a82cf-0e7c-4c44-84cd-f776b11e5607.jpg,0.5
20493119-058c-49e2-8022-f8fd422d0a22.jpg,0.5
f66c0f38-f155-431b-8cb8-59bf0c6769c3.jpg,0.5
35f09c23-ada9-4885-8bc0-7bab0a3db6f3.jpg,0.5
046a1e7f-0720-44ad-b3ef-9a5623e7c6fc.jpg,0.5
5363f543-e425-42e0-8225-fec52bf989b5.jpg,0.5
b221c496-511f-4225-af5e-86eb4b82ed9f.jpg,0.5
4b89afe2-3c74-40e9-9992-6561576a0c9f.jpg,0.5
547c1cf8-9710-407c-8790-7f0f81981159.jpg,0.5
128c11a1-273b-4a35-9d24-f1f35707a05a.jpg,0.5
afa83493-a3ec-411a-8a7f-91822d0d8be6.jpg,0.5
72afa5dd-6223-4aa3-b431-53458d2722db.jpg,0.5
4f4f5298-f46f-4e4d-89fd-d5f49f16c981.jpg,0.5
6190ad7d-a688-49a6-a4e9-7f6f1c548020.jpg,0.5
1a6e6f7f-6223-467c-9850-9abfde4740d0.jpg,0.5
62612440-57b1-4803-84a8-95c610e451fb.jpg,0.5
429ad675-58e9-4c15-99ce-233ecd5472d0.jpg,0.5
31825908-4d03-4d82-a6c2-9b01e5785916.jpg,0.5
1e29def3-ea18-48df-9bb8-faacc5445e36.jpg,0.5
b199d1c4-e97d-4f69-a008-e49ce1abc8ea.jpg,0.5
784d845a-9449-4ede-9ff3-e026efe0c530.jpg,0.5
32924d93-069f-4087-bfbb-b4a37f352c23.jpg,0.5
71cfe8d0-828d-4d96-9ae7-bb36593e609f.jpg,0.5
16d0fdfb-ccea-4531-a16a-d174984cfa0a.jpg,0.5
ddb0cb95-fbc7-43f8-a2c4-554774bbc6e0.jpg,0.5
fa96c011-e33e-4cfc-92d2-fd5b4f094515.jpg,0.5
9c49f49f-8b45-49ac-8e3b-d3d6e19397f4.jpg,0.5
8362eae9-ccb1-48bf-94b4-989a8655006c.jpg,0.5
141876fa-7e81-44f2-a37a-5012c02f9dd3.jpg,0.5
c42a12aa-7d98-4bd9-aea6-990469cb548e.jpg,0.5
510fd120-367b-4c49-a85a-7b760f519ce7.jpg,0.5
8c6d74c8-b607-40ea-86ef-582c39cda3f0.jpg,0.5
ada5e0c9-bea4-4682-b08e-43b0a874dc30.jpg,0.5
9b198d67-a8dc-4f45-ab55-d7b21c221e62.jpg,0.5
38831ad2-5a27-4a76-a871-42f94de08d68.jpg,0.5
48c427a1-02d2-45e6-ba31-45aa9528ba7a.jpg,0.5
18bb6cc1-bb73-4ac9-bebe-9eb11144a41d.jpg,0.5
75e6d845-2f76-48f8-95a9-25b3916a44c0.jpg,0.5
4d401fca-150d-49bc-8429-b249bc1bea87.jpg,0.5
591b571d-8720-4724-b10f-8cb295bbfc49.jpg,0.5
85287d3a-ecfb-4130-861e-0c7e8a264a8e.jpg,0.5
4848636d-5fb2-4634-9e7f-bdd30128bb79.jpg,0.5
ca51138e-3322-45e3-b75d-3092014fae20.jpg,0.5
794f1278-11a1-4e04-92aa-1a16082b181a.jpg,0.5
5b97f575-ebea-4937-b87d-8aba94076d04.jpg,0.5
d0980ebb-e608-48f5-8ded-29b1af4cc041.jpg,0.5
426efd98-c42d-4ec7-9957-20e105ec2afd.jpg,0.5
82b1c6f6-7333-46ad-bf59-35512bae5a2a.jpg,0.5
2c46a6f9-0cf6-4e1e-826d-122eff6021e3.jpg,0.5
8f8c455f-f90a-4487-8faf-c7b5e4cf567c.jpg,0.5
11996d89-245e-478b-a213-016293bcbb30.jpg,0.5
9599d060-8a9a-48fd-bf02-60cdf0297091.jpg,0.5
bc099842-d1ab-4c78-beb1-ac2ad1a2998a.jpg,0.5
cb5c3493-0805-4834-9c7d-5ffd68ced157.jpg,0.5
83143377-92b0-4b8c-98ce-0223044477a2.jpg,0.5
2585928d-7077-4959-afa7-58f50e2ea419.jpg,0.5
fc1118b4-31ce-4c9b-9de9-cb4ee7d70251.jpg,0.5
0b1148d4-57c2-4878-906e-d1058044e37f.jpg,0.5
f14590f9-32fa-4fff-8908-a7c966736320.jpg,0.5
1490753e-faee-4dcb-8811-a1220b85ee6b.jpg,0.5
2eaf86fe-35b9-4b56-90f6-dd7353d134a0.jpg,0.5
a6d999f6-0bfc-4131-a02b-f16f39543322.jpg,0.5
c6468b43-abfd-4dd5-9fcf-9a122316269d.jpg,0.5
eb9499d3-9346-46a9-a6c4-8c2663e2afa3.jpg,0.5
34619529-6ebd-4a58-a247-4222e362cb91.jpg,0.5
b3fb46d2-dd3a-4df5-9fad-5e8e1eb0f05a.jpg,0.5
19ddb395-296b-4c71-be49-33537131eaaa.jpg,0.5
4845d64b-0397-4b88-ab45-1ec599c24a35.jpg,0.5
0345993d-6502-4c6b-8a4f-194ef5bac66f.jpg,0.5
cce0cbb2-3ab9-457a-9a4e-502b593d6994.jpg,0.5
2b28b976-52bb-4061-9542-4d504c96897b.jpg,0.5
f2b2921d-f188-4e1a-b201-7bab9aa64b1c.jpg,0.5
7c399562-69f2-4038-bc9f-0761838202ad.jpg,0.5
128f17f7-2886-4941-9e5e-f48f8387f87a.jpg,0.5
dc9463c8-1790-4262-8c59-dd0cdcbb1e90.jpg,0.5
19d1a2d7-c998-4e19-8553-2de18df34ad6.jpg,0.5
fb80a62a-8ed0-4ba5-92bf-0e0573f190b5.jpg,0.5
5c9abc22-0753-44bb-85af-c87db2705d7f.jpg,0.5
feec79bd-c405-499b-ab88-3df173885991.jpg,0.5
1d6c459b-d0fb-4288-99a3-6a7c89dd69a9.jpg,0.5
81bc176f-9166-4af9-a70c-2d15ac9eee8f.jpg,0.5
45f6d509-101e-4de4-99fd-7006914923f8.jpg,0.5
872cb186-f223-49ce-9724-797a66c59b8e.jpg,0.5
912f1738-6261-40ab-9e60-8671b86754ec.jpg,0.5
1dcc7f08-eff8-4568-bd79-da0357b00abb.jpg,0.5
f0af21ea-d963-4c88-8706-20c25a11da70.jpg,0.5
fdc65c95-6565-48ab-82c4-5ca759b97a2f.jpg,0.5
b93a13ac-45f6-4747-8e96-a67b0f0bc4b6.jpg,0.5
8873d056-4b30-4e8d-9f4f-33294ce5cf80.jpg,0.5
1f4cf4ba-5b07-4c5a-a19c-c3a952df78f1.jpg,0.5
b0cea347-e34b-4360-9bbb-ef21d793d709.jpg,0.5
a9af4cd5-fdc5-453b-b4f1-c28b89f2a86e.jpg,0.5
31fa8c79-3c57-4f33-a8f6-19a47dc890c6.jpg,0.5
0c0c4932-9bc7-4666-af6f-c9c17fc716a0.jpg,0.5
1c7f8642-d0f2-44e7-b877-5e62f60f0623.jpg,0.5
e47e0a47-6a93-4b6c-a9eb-fe8318dffb2f.jpg,0.5
e7e0adfb-ad42-4b20-961a-ab2a896ebe04.jpg,0.5
c3585639-019e-438d-92da-411ff343d70b.jpg,0.5
d58bb8e7-6f0f-4ef2-a50a-30e421ccb66d.jpg,0.5
9f473575-1c30-438c-8471-7f52994b8587.jpg,0.5
e0726d80-2364-4c58-bc6b-64aa81e7bc9d.jpg,0.5
dc49ac7c-750a-4e86-acfa-e540f414d292.jpg,0.5
8b2af6a9-2a9e-4980-acc9-07e0eff36a5c.jpg,0.5
a116f8ac-8f5c-4484-9296-dbbc2dc65f23.jpg,0.5
f250713b-95de-4889-85e1-7baceb2b6b61.jpg,0.5
0f6a397c-7939-41f7-9242-7ae06aa2a150.jpg,0.5
b48edabf-1a1f-4119-9d16-dd7d3c8db333.jpg,0.5
2bff6ccd-77a8-45ca-ba81-b7b6f2b99380.jpg,0.5
ccec0911-1bd6-4619-aeb3-6ab3320e1b66.jpg,0.5
48727c40-3c34-4249-b015-60ecf5aec3bc.jpg,0.5
07f324cd-973a-41ec-8f2a-506387eceeca.jpg,0.5
c63c2d48-a0dc-4891-84b3-c178cdb5fd49.jpg,0.5
9c334844-c651-4834-8603-1f8ce618037c.jpg,0.5
6c895150-22eb-41d0-a242-908a8fb4e1cc.jpg,0.5
499140b1-5b36-4959-b10d-82d1d2534ed6.jpg,0.5
b985136e-528e-4a0c-8147-b769584e6dc3.jpg,0.5
2fedb5db-427a-45f5-a64c-b2ed86699038.jpg,0.5
da2ed0a8-a7b2-466a-9d16-d5dfbfe6152f.jpg,0.5
abe6d883-a547-43e3-b2da-054973b1678f.jpg,0.5
0707daa5-f473-4a9d-9493-dbc270f9bae6.jpg,0.5
6f574db1-2971-474b-88fb-06f19c1be034.jpg,0.5
a02064e9-070b-4e1f-9da7-abe48a254c14.jpg,0.5
8ae14ac9-d5b9-4406-b0cc-55c517c12911.jpg,0.5
bcba2666-8d23-4130-ba2f-7429ad6f18bb.jpg,0.5
ed854e2b-5fb1-42f2-b6b8-e933080d17d4.jpg,0.5
e0d5cd3d-152c-4173-9068-09b077f1de05.jpg,0.5
98ba05d1-5905-4470-8458-59042e7b574a.jpg,0.5
58a9f249-f14b-4d85-8f87-f92a620c5831.jpg,0.5
a0a789a5-e77f-4689-8e9e-38d0008267a2.jpg,0.5
80aa75f0-327a-4924-a556-b4ae59c40e29.jpg,0.5
c571d831-5aa5-440b-a9f3-f2350725ccbe.jpg,0.5
0036ad71-a747-4595-b5c3-209419ce203e.jpg,0.5
5e14ece8-da97-416f-a9d7-c9dcb1f0bcb8.jpg,0.5
c57d4dc8-68d3-442a-9a33-995b8ddb97bd.jpg,0.5
5084b9a7-24ba-4fe7-882e-37e9b2446a21.jpg,0.5
65b67804-fb1d-4029-b140-c252e8baf40a.jpg,0.5
facc19db-fccc-4ebe-80c1-37de3231a75c.jpg,0.5
5c90d55a-b0bd-4f3f-9a33-7574b99aa6f2.jpg,0.5
feb6f01c-5477-4a2f-85b1-2d4b118104b5.jpg,0.5
5f355bd3-330c-45be-8694-8b1f8e030564.jpg,0.5
f7b386c1-dc92-4e00-b412-066a17e8817a.jpg,0.5
cff5d869-f34c-433c-b0da-92833ebd6c47.jpg,0.5
7cbebe5c-79de-416f-a915-5367f9e0bca8.jpg,0.5
f3fa6664-3fa2-43df-a060-4bd7eb14ea77.jpg,0.5
c94ee9da-e489-4634-8c83-f3fea33c597e.jpg,0.5
57d4216c-956d-40fe-8843-9a4d7a28fa7d.jpg,0.5
f4d97b02-9d59-4fb9-8157-8b1c2f989a0f.jpg,0.5
ac80e23a-6e5c-4e4a-be37-5618bf27c8bf.jpg,0.5
843c7611-730e-4fcb-9403-0a93f2f1c680.jpg,0.5
3a6b8f5b-d826-451a-b5c5-2ba1e6de1417.jpg,0.5
c39a4364-44cf-44f6-a76e-59db673486f6.jpg,0.5
fe0ade7a-6a82-4f13-8279-fe0eb6284684.jpg,0.5
836297aa-1dd3-4482-9f26-23d7fc06f78b.jpg,0.5
4ead095f-0e2d-4869-b6c1-e16b52e845d5.jpg,0.5
3be6c046-1fdb-45aa-87de-4a8693e8f18d.jpg,0.5
9445642d-c2c7-4aa0-bf8f-d252129077b2.jpg,0.5
d889db86-5b02-4c2c-8ce1-1b7ceda30216.jpg,0.5
4f500847-1cea-4036-ab21-7f0a60406b47.jpg,0.5
3911acac-b20c-4464-8220-c8634928ddbd.jpg,0.5
55b14d22-243c-4b41-999b-cb4ac96bebb0.jpg,0.5
76e81f1e-6908-4dc1-8c60-001a415f58df.jpg,0.5
bc581d79-3c5c-476f-81b3-a2816064a8e7.jpg,0.5
aeeea97d-08ea-4ad2-b091-8226f871b333.jpg,0.5
32d53b66-49cc-4117-8b37-ff3625ec001e.jpg,0.5
020db46c-0f65-4bc9-a89e-758ad2756b33.jpg,0.5
6b994fb5-e333-4368-8b87-beae4d67bff3.jpg,0.5
e02c1d8c-ef23-4c8d-a59e-b7ae7cfcb10b.jpg,0.5
14742a35-8b87-4bfd-b29c-3502385ec098.jpg,0.5
0da41971-7b0b-45f8-b06b-4d0f1712fdfe.jpg,0.5
4697c3bb-3e94-453e-86dc-0ea6b5d02145.jpg,0.5
0cdec35b-b336-4b13-b021-e39355d458e9.jpg,0.5
d67abf97-fab0-4f35-b686-a9f87c540174.jpg,0.5
ca14d42a-fe2b-40d7-a061-3b82a1c38b07.jpg,0.5
b0189015-0173-4226-b953-651327eae5f0.jpg,0.5
f8eaf523-7693-4908-a26b-c39c94af46ae.jpg,0.5
3cc82be0-5da9-4975-83a8-3d8f3c0527cb.jpg,0.5
a9186bd0-74a2-4519-815e-5fe863b23959.jpg,0.5
fc9c088e-1761-4042-bd4f-e9b469f0f0d7.jpg,0.5
3fdfc50c-7d3e-44d5-971f-b1419922f00b.jpg,0.5
22511652-f2d6-41e7-8903-9fd062afa406.jpg,0.5
1d58e940-709b-49a9-b9ae-ee335d0843b9.jpg,0.5
ad8217fa-eb93-40b1-952a-b4ff88ffa4d9.jpg,0.5
f5a49c90-5f66-49b8-b234-183fcc3c2f4c.jpg,0.5
9024836d-abf9-43bb-bc8f-2c0c20c10946.jpg,0.5
025c999e-2202-4e51-92e6-8d85ce98cb08.jpg,0.5
20088453-6639-489c-9178-e9b5c170ce64.jpg,0.5
7a8c70f8-b817-412e-af91-d1d2cc5349ad.jpg,0.5
c911c9e2-56ba-4d2d-b75f-34eb21512f3f.jpg,0.5
783f91e4-b977-4288-93c8-675bcb9a808b.jpg,0.5
4b8bd2ed-2373-4b60-8eb3-9c788c51d556.jpg,0.5
addb271c-a845-4a71-88a7-20da97830dd7.jpg,0.5
a3b9d33b-ab59-4a3e-9497-79d3f2397f70.jpg,0.5
a41517eb-3309-4743-90b4-d3a5c0baf336.jpg,0.5
c72a2285-1faa-458d-bb38-919d3dd4672d.jpg,0.5
09bbd585-0278-43f3-b431-28ba49eb4e41.jpg,0.5
4740f4e8-01ef-48ef-9f6c-88c2739f9a3b.jpg,0.5
bec44e3e-8b6c-4d0e-976d-20798f7e7bc5.jpg,0.5
0cb449fa-a54f-4c08-ac20-59178671a37b.jpg,0.5
786ce1a9-81c6-4c93-a98b-406ed159eb27.jpg,0.5
c4abb3fc-69ed-4baf-bebb-94213c7ee76a.jpg,0.5
b318e2e4-a3f9-4080-8c60-b78e7b6f3853.jpg,0.5
44e3476c-1815-4782-a527-65e83a824659.jpg,0.5
d686a645-7140-41f1-8334-2fdf007b1da2.jpg,0.5
114e8df3-0363-43f0-88ef-d0c39e45f495.jpg,0.5
f9b9c8af-8e98-407c-a213-0489a9e2bdf2.jpg,0.5
e306d1f2-6b9c-4232-a2ad-c0e91c871c24.jpg,0.5
f17a6b74-abd4-44c8-9d5a-c5bd0c84140f.jpg,0.5
02e7d322-3185-442c-b457-b121d0c66edb.jpg,0.5
8747b3f9-e1f4-463c-aab5-39f91d769c6e.jpg,0.5
4b5ce336-2fdb-48f1-973f-359f0b698f51.jpg,0.5
68b78846-936e-4318-ad9e-ff27252e5d37.jpg,0.5
9cfdbda8-1243-43ac-88b5-17699031aff4.jpg,0.5
1f544567-3ad6-42b4-9fef-e53fcaa77a7a.jpg,0.5
7fff3227-4166-4c5d-b09b-0b7255e3e91f.jpg,0.5
039d0693-cad3-4448-b520-54f9c8d7d7f2.jpg,0.5
3a292d10-071b-4685-9430-016eef37834e.jpg,0.5
ada49f86-ed1a-49a0-8f49-ec4778bc6be7.jpg,0.5
364bdc18-534b-4bf7-9658-f943c8409eab.jpg,0.5
f5272808-24bb-41a3-b446-be6f1fbb8fae.jpg,0.5
0b8eb377-b1fb-40dc-be55-e6af34d429a2.jpg,0.5
937daa7c-3308-4f52-a2e2-84242a8fabc0.jpg,0.5
a822d7ae-5865-46bb-a95b-916241c9547a.jpg,0.5
4b11dd84-9719-4b55-a3df-f4b27b52dbc3.jpg,0.5
c25a0eb8-c7b5-4e06-a194-6998dae3bcf9.jpg,0.5
0f62618a-3ee8-43a5-b487-c32c8adb9ff3.jpg,0.5
7981e02e-577b-476e-a4f4-3957060fe404.jpg,0.5
78353758-3d20-47c9-8dda-3e7afde3ff38.jpg,0.5
2e0cde21-8801-4334-ae8b-182911e66cc1.jpg,0.5
c7a06c2a-2584-49b2-9ed8-264e00a22739.jpg,0.5
23c65e53-3a20-4e4b-9ca6-e772f1f2917a.jpg,0.5
7b707a98-e18a-42be-ad76-ed951e932dcd.jpg,0.5
2c0fefa6-9132-4ac0-bfa2-72a39c7a8586.jpg,0.5
ffb54142-5ab9-47e9-895b-ee84f085333c.jpg,0.5
cf937ebb-3ef9-44ef-bf91-63450a689efc.jpg,0.5
f07d8562-84ba-47aa-8130-6c970078e0aa.jpg,0.5
46db6cec-0f52-451c-9294-7e79d55d2ee9.jpg,0.5
0d4e0275-6a24-4d63-8af8-2a22f763afba.jpg,0.5
d113cd2e-3758-4d6a-97e4-eb8ef60d70c7.jpg,0.5
b707dda8-ab69-4f04-a3af-a25521be09ba.jpg,0.5
efbfdb9d-00cb-4b56-87e2-850bb581ebe7.jpg,0.5
ea9fd30d-7b83-46ff-ae64-1a940e04754a.jpg,0.5
3af9a971-97d6-400e-8f83-178007d5afa0.jpg,0.5
28c2bb0f-466c-4e90-92f3-8c81ec201d00.jpg,0.5
8a67222d-d0e7-447d-b5a9-b2eae8676eb8.jpg,0.5
419ea994-070a-4b6c-af46-5c5927ab867a.jpg,0.5
b68d5e24-fd67-496d-b072-3e9ac1178b54.jpg,0.5
c9729da0-6f6b-4d2c-beb4-933f4bed66d0.jpg,0.5
bc146be8-7076-464c-abde-2a16712e4b30.jpg,0.5
d450af06-6ffb-468a-b217-9f3849bac4d6.jpg,0.5
57a7220f-4a82-46c8-8f3d-22830735cbf6.jpg,0.5
5c9a7b19-cfd9-41ea-9804-8c32970b0c4f.jpg,0.5
c8f9eac0-0ed6-491b-b74c-7cd2ed4b9cae.jpg,0.5
23dacb0b-72b7-4498-937d-90d02664d6c4.jpg,0.5
ef9378e6-bfea-482b-b5b1-45e9bc1a2f3e.jpg,0.5
7ce32d9c-9923-4785-9e43-0526220727a6.jpg,0.5
85884c6d-ce57-404b-9ec3-d64b307b8b2d.jpg,0.5
1c1c184d-1f77-422c-a94f-392c5222113c.jpg,0.5
7fa3e20e-43eb-4d86-8a12-271a40eb0bd6.jpg,0.5
cf252d47-f522-413b-9374-4827bde3d3d3.jpg,0.5
9ec4fff6-6be5-4b24-81c5-235428d5630b.jpg,0.5
a226db73-8e0a-4c6c-a4bf-6f3411594311.jpg,0.5
070e4cfc-d424-456d-9882-1bdddd39dbdd.jpg,0.5
c2cae639-806d-4396-8b10-7ea205725446.jpg,0.5
5ebd7fd7-182f-4cbe-abfb-a9f9b11cdd86.jpg,0.5
6f03cd4c-afe2-40ea-ba5d-112b78313245.jpg,0.5
1a0b67d9-5ac8-443d-84b1-ad6f7aaf067d.jpg,0.5
02c080d9-bae3-4d5c-bba0-f35b0831f8b2.jpg,0.5
35e61cdf-7401-42e5-8e64-01f4ef2b958f.jpg,0.5
edf4241b-768f-475b-b001-72545bb3445e.jpg,0.5
2ff883f9-4a2b-4805-8f42-884fb8b58c97.jpg,0.5
0412e1aa-2b57-49ae-bd76-4eb7342bee87.jpg,0.5
cd7b90ea-7282-4fdb-a14d-02854fa0e720.jpg,0.5
0e410d0f-63ec-4d21-b66b-08dd36dd2fe7.jpg,0.5
4ddc354e-602a-446b-a660-b023bcfd9373.jpg,0.5
c874eff6-dd5c-436c-90f2-33665bbe6491.jpg,0.5
f37ffdba-11de-4f3a-bba0-1bec90ed894f.jpg,0.5
d391a0a7-61ba-4853-8442-0a4b8949e7a5.jpg,0.5
af3f2b2b-7dc0-4fd1-bbaf-c3d9a4b88bf4.jpg,0.5
51fea88e-3a55-452f-bd44-2518eeb48cdb.jpg,0.5
2120e890-ff76-4717-bdbf-aa4dcea726f9.jpg,0.5
870d5c45-8dfc-4676-8ea6-086a4e3affa4.jpg,0.5
cab6642d-5d53-4ff4-b5a5-98de1eef7a9a.jpg,0.5
63ae8b4e-922f-466e-b6d5-a7dbb0815127.jpg,0.5
fcd864d5-86e0-410c-b456-6dec8809b731.jpg,0.5
c1c80440-8fd1-423c-b84f-af58fe9e80e6.jpg,0.5
32ccdede-f403-42ce-9a9d-98877b6ae1f7.jpg,0.5
590482db-72db-4d1f-ab55-0e61281a1ec2.jpg,0.5
15442b9c-db3b-40c7-bcc2-b39704377605.jpg,0.5
3b365118-5b52-4aa1-b233-f9bce65d3e1c.jpg,0.5
2bec748a-6f79-48b2-a594-0e83c683763e.jpg,0.5
e93cc774-38a3-4646-8aa6-0e162347917f.jpg,0.5
57d7a1df-c68f-4001-9034-4e00b8c0835c.jpg,0.5
fce35eb9-e7d7-4b4b-bb34-7f1e818738a2.jpg,0.5
9dde6ded-7d63-40c3-b5dd-fcdfb61b7e34.jpg,0.5
e87d7b5e-cc98-4370-8a37-9696b170386b.jpg,0.5
fd2beed4-a09f-43f4-a564-2c88d50938c0.jpg,0.5
8b56f415-9021-4366-a324-c74b9efb5276.jpg,0.5
679e8dba-358c-4083-814e-4957c50df317.jpg,0.5
c78499a0-660b-44ae-b330-bfca668baf21.jpg,0.5
f5ff15e7-84c4-41fc-b381-c1594d505cfa.jpg,0.5
6bf197fd-483f-4cb4-972c-1be1839483f1.jpg,0.5
32de4fd0-f4c3-4bcc-8445-26630a377350.jpg,0.5
89e9ae67-5252-49fd-b302-c0c976a68ee2.jpg,0.5
71e906be-a792-44f3-a72b-2d6b0bef2d48.jpg,0.5
c90242af-10b0-4944-81f2-ead0054a02ae.jpg,0.5
9ea06cf4-3822-453d-9e74-1a7126fde1f3.jpg,0.5
1379bfd2-e845-4759-9ec2-d5b2acbb2cac.jpg,0.5
0a36105b-8b25-445b-9a95-b5a07f0d695e.jpg,0.5
cc73366c-930b-4023-b865-6911dcbfd829.jpg,0.5
6a72cdc2-e329-4468-bc4f-17bd673e068c.jpg,0.5
6d4baf71-92d9-47f5-be3d-3257afe48824.jpg,0.5
5363fffc-963e-4a3f-8330-521be98ae526.jpg,0.5
13886323-a5e4-4fb0-8e9a-56e7afd1c4aa.jpg,0.5
ad3a32ca-6cb2-4642-b41b-26820da8d7fc.jpg,0.5
085763bc-aea9-4b44-ac0c-576f369a9902.jpg,0.5
b2416f5a-120b-4e40-940d-63184582343e.jpg,0.5
b8eabea4-81f8-4c62-bd98-bd137a546e80.jpg,0.5
f8f5d116-95b8-48b7-b37d-c301e4c5e5f2.jpg,0.5
2e634a82-a132-4f0d-88a0-defd40b7abc6.jpg,0.5
986c44f0-c54c-4e30-bb8c-dbfff9938c74.jpg,0.5
1db54caf-bf69-437c-9036-9a6103fe035d.jpg,0.5
f0ace414-8a83-44d6-9588-ac78dfc5c5d4.jpg,0.5
7afb4cd9-5e97-4ab2-8c4d-2ab2ef123337.jpg,0.5
89c5afe7-2847-40a2-be66-67a333a8be2b.jpg,0.5
e8b74193-8d9b-461b-93d4-662edc5dc9ef.jpg,0.5
30ce25bb-2c9a-4c0a-90d7-e543464a079c.jpg,0.5
76e75661-7b3c-4ea2-8aa0-0024ec132535.jpg,0.5
9b639797-0cc2-4455-ada8-dd3747f842ff.jpg,0.5
9ed676ce-f1d7-4b38-9988-01c1cc952d11.jpg,0.5
d4402c50-db89-4631-a819-eb3b4780765c.jpg,0.5
9e5c3b2e-67ae-41cd-9e92-e9d432becfd2.jpg,0.5
ccfc4dee-9321-4a51-924d-92669892e50f.jpg,0.5
6d8f9d1c-224d-4e29-9205-3109ece8b525.jpg,0.5
8d15233f-a4bf-4c40-8dd3-04767b56c4df.jpg,0.5
8fae95da-373c-4197-b55b-f8305f7acd0b.jpg,0.5
8e421a35-295f-46c8-ac8a-147bdc89b644.jpg,0.5
4bb7ec2d-cba1-4c99-8a75-b17bd55c7f0c.jpg,0.5
1c73e573-408f-4cba-a789-59216973e8e8.jpg,0.5
472451a5-515f-443c-8aa0-610777e7a567.jpg,0.5
dfc83c6e-3f24-4eab-83c7-b9796cb7a978.jpg,0.5
5738b778-377e-46de-9e8e-7031467c8c78.jpg,0.5
29d3d291-94b6-407b-9e10-008434dbc6db.jpg,0.5
ae8d425d-3404-41c9-85f9-e73bb19c91d6.jpg,0.5
5d695d1f-134e-40b7-9632-e5a0bb2fa4f6.jpg,0.5
f5d3b4e7-11b7-4692-99bb-c3e44df9d849.jpg,0.5
3aa1aa27-c3f8-47e0-96a5-f6f82a3389a3.jpg,0.5
8a5e2ac5-0987-4b52-9318-60c6b9be73b5.jpg,0.5
84b71bd0-b40d-4614-9386-04689320a4f9.jpg,0.5
8faf7659-f660-455e-af57-350026cf2854.jpg,0.5
4702976d-fc61-4da2-b4e9-5fcb0410c021.jpg,0.5
d3df9180-56e8-4752-b3fa-9e2397b33248.jpg,0.5
a898b8a0-4346-4811-bb6a-d9388c16e9d6.jpg,0.5
febf41c2-5387-4190-9d2e-6f0e90ae790c.jpg,0.5
3662e15f-4342-44ae-87bc-92e2cef9c596.jpg,0.5
b5b24753-202a-42ef-95fc-ad5149f17b30.jpg,0.5
a2b66452-a637-49d5-95bf-235f26a0642c.jpg,0.5
4342726d-a862-4b93-af89-1079e51048f7.jpg,0.5
07cb04b0-c821-44eb-a5b5-089ad32d977b.jpg,0.5
307d3555-88a2-4c2e-8c2b-9f688a7f9086.jpg,0.5
8f1cf3f5-446b-44db-9eda-c5e28e87f8ba.jpg,0.5
4c04a093-13f8-4898-8b38-f04fd6863fdf.jpg,0.5
d69a252b-8732-4eab-a70b-08a43aaafa00.jpg,0.5
bd5babba-0b0a-4b65-a8ff-302d952b99d2.jpg,0.5
1881ddad-9f55-42c4-bd8e-ab97043ab258.jpg,0.5
bda711dd-e4af-41b0-85c1-917e4c8ee4aa.jpg,0.5
92f5ce0d-04ec-4a10-8af0-79f89dc1a51b.jpg,0.5
a6d22880-89a2-4ae9-b35c-253a7973beef.jpg,0.5
4b5a5e81-0cab-4341-9bce-bdb4cd565dad.jpg,0.5
926fe804-7289-4a8b-a1eb-a8eb16f844d7.jpg,0.5
8829b612-4f64-4198-8300-d3f3086584b3.jpg,0.5
ea2f72af-2bf7-411d-bdc7-3e0aebbccc95.jpg,0.5
7ea4dc73-fac2-4e81-b1c1-420b380b1c04.jpg,0.5
615babe3-fad3-4c02-b78d-2692d5f9d704.jpg,0.5
da1c8f76-f4aa-4f76-bd03-136101197a9f.jpg,0.5
522bcda5-bea5-4c04-b55b-7257549e0b62.jpg,0.5
102a65e8-5cae-4a4b-a3f8-1d21687131e5.jpg,0.5
b7f39d0b-d10f-4835-b144-d04c38f99caf.jpg,0.5
a88069e0-007a-4344-be0a-b81c00f4c549.jpg,0.5
e26db343-9942-4131-bef3-53785d3892ec.jpg,0.5
7600120c-b3cf-41ee-bc36-421d05942af0.jpg,0.5
6910cc2d-4da4-41dc-b3b7-1b90033340da.jpg,0.5
e063d00d-0690-413e-9040-0171bbcc8519.jpg,0.5
158e42d9-3b54-41e8-bd5a-9fe4e0915bf7.jpg,0.5
baa0e227-166e-4a79-a1b7-1dcaed68c699.jpg,0.5
5e83b5d1-0845-403e-9c5a-fead66650e13.jpg,0.5
02006764-e005-4563-88d8-2b03e86e78f3.jpg,0.5
60166bb2-82f9-4d37-99b7-de902a9447fe.jpg,0.5
1d564f64-c27a-4ef7-8e96-2163536ac3c4.jpg,0.5
05a451df-75eb-4889-85c4-d23dd4b67818.jpg,0.5
36d3c2c4-882e-49ef-8feb-28fff54a996d.jpg,0.5
d93650cd-6b18-46a4-818b-a76ef7d42080.jpg,0.5
9bfb40aa-dd82-4582-8137-dd7256a22dc8.jpg,0.5
7e4a52df-9749-4365-8c05-7cf53f79ace9.jpg,0.5
0c67c270-1caf-40ad-90e0-0c8e6c92bb39.jpg,0.5
074edcde-6d9a-47c7-917c-435fbecb7320.jpg,0.5
379741b4-ca73-4f4f-a6b6-3c4e34bdbe79.jpg,0.5
74d63a30-0568-4bab-84d7-6dddc19d72bf.jpg,0.5
18266683-41a1-4de8-a796-f4dd64d4003a.jpg,0.5
a9c79139-7d27-4433-9e79-0ad9d794576c.jpg,0.5
cac2ebca-6f3e-4e1e-bc55-744e7b2d5b49.jpg,0.5
edec80ad-fe6c-4ff1-a17a-04aed4bc71e6.jpg,0.5
1aa298e6-bd3c-400d-9c67-71a63cca67af.jpg,0.5
c87c02eb-d740-457c-a31a-c677fed298cd.jpg,0.5
f39b6da2-60c5-459f-9b70-8067ed91e608.jpg,0.5
7189948b-80ac-43d0-ad3e-8467c9775397.jpg,0.5
41deaf95-4664-455d-9d37-0a77e1428748.jpg,0.5
ca815071-502e-4164-b0e1-a06f8a3d2f4d.jpg,0.5
56400352-b337-41bb-866e-029cd249e1fa.jpg,0.5
222e6601-b816-408a-bb83-527c4173b00c.jpg,0.5
96191a6b-13f7-4d2a-9018-40f1b03dff48.jpg,0.5
5da39306-4353-40d3-9827-3275c355e442.jpg,0.5
f073c8f5-40c1-4b1e-83c6-8b5a20a88a93.jpg,0.5
6ec967db-9440-4cd6-bd46-e76c9acab653.jpg,0.5
182c9bc6-9832-4035-a133-2e3695c47a8b.jpg,0.5
dfac5e03-205a-42bb-b9dd-89cea3e194b7.jpg,0.5
dea85bb9-80ca-4ba6-97aa-69e4f6293e90.jpg,0.5
188a5377-bc10-4b05-9eba-068358b6edd5.jpg,0.5
926309c0-fb1f-43d5-8af2-1302767268c7.jpg,0.5
5235d5c1-5e82-49d2-a0ec-2890d17448c1.jpg,0.5
e568d810-f6c4-4b9e-927d-0fc1a50fdd10.jpg,0.5
b7575e6a-a4b9-4a36-a828-a4992b7aaabc.jpg,0.5
ed02f327-6762-4cde-aa70-b0962492d6e9.jpg,0.5
e4bdaef5-8298-49e9-881e-6b8d0e504671.jpg,0.5
05e34031-1749-4417-9b89-9dfa8d50b3c2.jpg,0.5
e14a15af-1074-4b06-87da-10a48d5136f6.jpg,0.5
de20cbb2-6a76-450c-b7b1-94066f76fb09.jpg,0.5
0b75519d-414a-4388-a2b4-77e3a7807a0b.jpg,0.5
c37dc394-70ee-41c9-8021-5a3be31876e6.jpg,0.5
6d58cc9f-82a9-4f4c-a784-6b04c985e539.jpg,0.5
86e55f5d-0e7c-4163-94e6-7c1bbf341cd7.jpg,0.5
3db0288d-66b4-4899-a2fa-4d12182a4daa.jpg,0.5
1d4e34cd-d911-4c64-896e-f0590229ecd8.jpg,0.5
040c29f8-d168-483e-9a54-c9a4bd055d91.jpg,0.5
aa288deb-b6d0-4402-a232-01625b4d9121.jpg,0.5
fabdf8e5-c3d8-464c-be00-c604d48444a7.jpg,0.5
cf60efbd-beb8-4f12-803a-658c064e7433.jpg,0.5
cf0c8a76-198b-437a-9120-20ae7be9e666.jpg,0.5
14a529f8-6fb8-4112-b783-bd7889f29e2e.jpg,0.5
97cb6935-7e17-4841-a87e-319d2f419770.jpg,0.5
54671006-403e-42c7-843b-21684de59ff9.jpg,0.5
ddee3b25-d79f-40a0-84ee-5da01fd62bbf.jpg,0.5
f69fc536-be30-457d-a71b-7fc200c14fa8.jpg,0.5
79b4816c-71aa-4a4a-809a-0eaed9a1d9df.jpg,0.5
384eb2d4-3964-468d-a28f-4f20a7d2129f.jpg,0.5
07125b27-eb0d-4d93-aa4a-1c5e6b653c70.jpg,0.5
f78a1051-6878-408d-8c2e-709d60d508d7.jpg,0.5
9e6744cf-7b12-479c-ba66-7c34b9a7e089.jpg,0.5
3a2d0ff3-0095-4de9-8245-3ddb159e9e17.jpg,0.5
880e5d23-487c-4243-97e1-a351d0035eff.jpg,0.5
6cf0e369-1a1d-4901-b142-4b4645f71c0c.jpg,0.5
f2ed53ec-169b-48c9-93eb-2edbf70079d8.jpg,0.5
65d191c3-5d11-4b69-bbab-a64f3fb493f7.jpg,0.5
150f0cba-db45-4a0e-a693-11ddc03da9a8.jpg,0.5
01faddef-4264-4cd5-a02e-b9ceba1077f4.jpg,0.5
15d9c99e-cf33-49c3-a9ac-e64b8651fa4a.jpg,0.5
684e86bd-5317-4d78-ae1a-7cafecb2eacc.jpg,0.5
1eb9af3a-0e25-4bbe-8a4b-dfd4bbc84784.jpg,0.5
6b0b405c-1456-455d-83c9-268b80e550da.jpg,0.5
0870ce6e-6cfd-49e1-a7e0-8acb1d108a48.jpg,0.5
417e4a62-6f49-48f4-9532-4ef8d9052188.jpg,0.5
fb4626e3-5a58-411f-ada9-c4cfd3a005d6.jpg,0.5
a13fbf1e-2c96-421e-9006-3a4713e26125.jpg,0.5
7f217d64-38cc-46c2-8880-f76a9e02e871.jpg,0.5
4f1a51ac-0cad-4626-84df-2325e9039778.jpg,0.5
647e87fe-217b-4860-9b78-e7f7b38d6157.jpg,0.5
365081cd-954c-4599-8f5c-0db17f6d52be.jpg,0.5
8e1808e1-a9d1-4819-8ace-79ba8882d68c.jpg,0.5
91b4fa3a-4049-4553-80f4-867c36855afa.jpg,0.5
946b7e68-3b9d-48e2-b6d6-cb2e00110a76.jpg,0.5
b1722c7a-1689-4adb-b262-056ed1c65dea.jpg,0.5
6006d5f7-210a-4187-bc0f-f33b86334684.jpg,0.5
0cf0fa9e-34d0-4e49-85f8-a4fe28691b1a.jpg,0.5
dbebc81c-0d52-4f9c-aebb-5a53e59d26d8.jpg,0.5
f836cb9b-e8fb-4bd0-8675-df01d87b2ff4.jpg,0.5
9a29a10d-f8e2-4b11-9cc3-58cb3b69ed50.jpg,0.5
1c4904d9-737c-4765-8a7c-0fe37ee0c522.jpg,0.5
9fc74f61-f025-46bc-99a0-b0b41740f25c.jpg,0.5
325e011d-d1f2-46f5-a1d2-7fa5df022c02.jpg,0.5
857a8e33-f936-42e5-8ea9-463e98ce7e2e.jpg,0.5
cb83075e-5e6e-4c5f-a927-5cfee8fee2cf.jpg,0.5
4179f27e-c926-44ed-8242-0c62e75a2fbf.jpg,0.5
b7baba27-12b2-4585-93e2-d95220103eb5.jpg,0.5
dd240823-527e-4da6-b59e-748b15cb8e70.jpg,0.5
c05c1369-d308-4d06-b5f5-5fb72834108b.jpg,0.5
261b3861-16d2-4a7e-bd8b-eaffc723fd08.jpg,0.5
39b7f8ff-1fec-480f-b5c0-8d97b4340127.jpg,0.5
174f89ad-2889-4033-b4c6-12e34c75edaa.jpg,0.5
436e6673-8b68-4830-82fe-90a067f479f4.jpg,0.5
bdbf41ee-8410-45d5-a17c-307fc51e8110.jpg,0.5
d24e93f7-24e7-4b92-a89b-c6517b104085.jpg,0.5
bd13ce1c-3e3a-436a-9807-d8866a472a02.jpg,0.5
0a676902-dd9f-4e6b-962e-0482e9fa7030.jpg,0.5
dd5a470b-2697-45ea-a960-c53b633d9d94.jpg,0.5
e8a24195-3bf6-407c-a217-d9f9c58c19e7.jpg,0.5
9fde9c9f-a146-4f46-8db6-6d6ab28b52ae.jpg,0.5
95ef4887-d2b6-491b-a61c-0576b2c9d1d6.jpg,0.5
aa669ea5-911c-4cd0-b4c7-878d41ff9795.jpg,0.5
294aa594-c0e8-4552-87ee-6fe7428c6753.jpg,0.5
f4accbac-5cc1-43b9-b426-f9510fe42663.jpg,0.5
c9ae003b-3add-402b-965e-b89172cc5f63.jpg,0.5
b4d97163-59b5-428e-b73b-b5e4759334f7.jpg,0.5
9a2549b9-fcb5-4ed2-ac4f-7cf5c45c589b.jpg,0.5
5740fad6-b906-4133-9954-5362a0335db9.jpg,0.5
a3262380-c57f-4d89-a692-4486a4701a72.jpg,0.5
f3308e53-38b8-429f-9dcb-77c243cfb241.jpg,0.5
400bb2c4-78ee-4014-a356-a135b63cb045.jpg,0.5
5d4e6701-7435-43cf-b85a-e1986e60d7b6.jpg,0.5
9b0eda00-a2fc-46fc-90a9-3601076a0b64.jpg,0.5
d07ab5b3-19ab-406b-bbda-d664ac018283.jpg,0.5
101bc330-3d2e-4840-a93e-27c7ef7a921f.jpg,0.5
f57117be-7c12-4537-a072-9b6c611e90b2.jpg,0.5
66a8cfb6-19a5-4782-bb22-a4479cde0077.jpg,0.5
6d72733c-9131-478c-bda8-b4f1dd16a605.jpg,0.5
93d33ace-1d8a-4a0d-842e-b1a3c045886b.jpg,0.5
38c2df32-ab7f-4623-89c3-0349a4afeb27.jpg,0.5
808509d2-761b-429b-8cec-d9e71a6e9310.jpg,0.5
a796f133-4c18-48ed-bfb9-b9708ad2097c.jpg,0.5
349e9b73-a641-4a8a-b500-11dde6beeeb7.jpg,0.5
99afa84d-1564-4620-8267-c3e9989db26a.jpg,0.5
53cb4461-2f89-4922-b1ae-d8148f123fa5.jpg,0.5
cb2e038b-a7f2-4af7-8076-7d81c5526b42.jpg,0.5
7adc6324-0dee-40d6-9ffa-e024ccd8714c.jpg,0.5
7c9154b9-716d-41f0-a4e4-bca38ef6b2b2.jpg,0.5
e4f3d153-6bdd-4a96-975e-b7b98c2d8566.jpg,0.5
5334d6ed-d627-45db-a9e2-eb18487dccf5.jpg,0.5
43e0ad9a-4d1b-47e3-b9f6-78f3b5b6be7b.jpg,0.5
93123689-2f02-46fa-866d-2197ece9c7e7.jpg,0.5
15e2bedc-8af3-40a8-8f4c-5dbc63e40da7.jpg,0.5
da422bd0-3f4a-4b55-86f5-9686d4adb1be.jpg,0.5
ecef161e-f84e-4df6-b8b8-22ec4d88aa7c.jpg,0.5
391da846-ad17-47cf-850d-548784bab1da.jpg,0.5
56f494b1-4c68-4b7c-a006-909343f99a0e.jpg,0.5
6f8d0cfe-566f-4cbd-95b1-fa23df36a6b2.jpg,0.5
2315cee9-1894-4c27-9eca-cebb09f993b2.jpg,0.5
10f7c000-aba3-4429-bae4-496aef2e5278.jpg,0.5
8d67858c-110a-48d3-acfa-b0a9da389ddc.jpg,0.5
d8b39557-1c67-4379-bcae-a5328b8e4306.jpg,0.5
a3a4f217-0cca-4fed-8e6c-0fb8c5c3cf06.jpg,0.5
caa67b90-aa2e-40da-9acf-488d0d72e37f.jpg,0.5
6973dc8f-1313-4dd9-8ee4-5885de993cef.jpg,0.5
b19d9fa4-dbb6-4a35-8f3d-1614f9c6ea99.jpg,0.5
165a0af4-0615-475b-bd52-dffbb5540bdf.jpg,0.5
1adf39f4-9319-4882-ba14-116114af68f3.jpg,0.5
6fac1921-67f0-4c4a-865f-6701c12f989b.jpg,0.5
d96dd03c-c4ef-4a9e-9580-9cc8fa002aea.jpg,0.5
001c6a20-5a2c-4175-9c3d-51c7cd6e321f.jpg,0.5
db5523f7-b98f-465f-b5bb-723b5a87640d.jpg,0.5
888dddf4-3a04-4188-9731-fc066229a69f.jpg,0.5
65fddd40-f427-4803-975b-b70c9ab9dece.jpg,0.5
a89caccf-30d8-41b5-b9af-f9b212c2848c.jpg,0.5
4e912903-8075-46bb-b703-3bc9bd84d00c.jpg,0.5
d3e1f97b-5d67-42c4-b5d6-1a0511f6c7d6.jpg,0.5
cf446f44-ea7f-40fa-b415-84693d72bdf3.jpg,0.5
19524277-83f2-4d56-bdeb-e206af6e407e.jpg,0.5
88c8753c-ae92-4a8d-8637-d94eb458ee77.jpg,0.5
56af1ec6-7b10-46e8-b8a6-19bf657cc7c6.jpg,0.5
1aa2ef69-a665-47bc-9bae-dd0daa9e6bcc.jpg,0.5
a73924be-2511-414c-a88c-7348355ef1a9.jpg,0.5
b979bb18-42d7-44f5-806e-e5ee441600ac.jpg,0.5
e7297759-9266-4180-a012-2a8748ddc011.jpg,0.5
8a5d444c-01c1-432a-89d7-fc06fcb001b1.jpg,0.5
0395008d-e10b-4b43-b5b8-de4061ddc028.jpg,0.5
176ad153-c269-4be0-bd0f-27311756aa5f.jpg,0.5
99774ef5-9bcf-4b4f-bf23-d38d0594da76.jpg,0.5
b39b1dff-55a6-430b-9d11-155f05081dc0.jpg,0.5
c4a586e8-c0c4-462f-82e6-6682868a6f74.jpg,0.5
46113a71-61e2-47a4-ad64-d2bcd3c3950c.jpg,0.5
62b980a7-7533-4b54-a4d3-95c21e679d87.jpg,0.5
662c4e5f-d217-4145-a220-a07a3de19685.jpg,0.5
c2b0641f-be6e-4857-9670-c58fcb2a3691.jpg,0.5
8a892194-5fdd-4bf0-9bdb-fa9874aa3b87.jpg,0.5
44d6ae1b-71cb-4170-bd67-d2c158eaf5f1.jpg,0.5
b74fa151-c507-46dc-9d9b-39714d153544.jpg,0.5
6decf3dc-7d6d-425e-bf5e-104d8bd0002d.jpg,0.5
3ad1f5a0-114e-4fda-9ac0-9f3f8247ed98.jpg,0.5
49f22213-69b3-453e-8a09-f555f65282f3.jpg,0.5
33fc9c6a-589a-46d0-8493-e9982ced75d4.jpg,0.5
b7f23db2-d495-4aad-ad6d-12f83a6aed80.jpg,0.5
05dac82e-b287-4470-9b69-cc8f33356732.jpg,0.5
361022a3-2990-4f2b-a421-59d8b29c5ae3.jpg,0.5
22fc2719-e88b-47d9-b9d2-bd4934a46777.jpg,0.5
caeec960-d530-4021-9cf4-ccd97d469971.jpg,0.5
ec035476-5624-4118-8ebd-5c39c37947ab.jpg,0.5
f3888a8b-587c-4d0e-a34e-d46fe533083e.jpg,0.5
72b8aa80-35db-4baa-a9be-a1ca5a0179c1.jpg,0.5
0bd19c52-637d-4a24-b481-b63329152117.jpg,0.5
022ac67a-94b2-4460-ac1f-1137d7bf37b4.jpg,0.5
01e35709-7cff-4823-ac7c-6295161e8943.jpg,0.5
339b87bb-5b88-4b6e-8f70-4ef8d74ddf28.jpg,0.5
343dd6c1-f1b9-43cf-b62b-045565df6aac.jpg,0.5
c11f3df2-66ae-4bf7-9dad-d68bdb66e808.jpg,0.5
eef8dbb3-ce0f-4915-bbad-8ebe9c446966.jpg,0.5
66bac359-f41a-462b-a713-065148d26aa9.jpg,0.5
66760ef1-65a3-42c4-9fd9-4c445bdbf577.jpg,0.5
0f14765b-7e49-4028-853b-dfb9bb3658a8.jpg,0.5
aaca7aab-1038-49de-975a-dd530c0f6b2d.jpg,0.5
d74ea1c7-8f45-4d1e-94bc-89cffb32d5d5.jpg,0.5
0c48b59e-1e14-4b50-abe3-a2ef80505fe7.jpg,0.5
4c481e46-b14a-4067-be91-d3b711891958.jpg,0.5
6605e590-e9cc-46c4-9ae0-4e3d8489109e.jpg,0.5
edf7b0d3-cc95-4f5f-bf6e-479e5a44a556.jpg,0.5
83e310c4-8fa5-4443-a3cb-d6089df16c20.jpg,0.5
58c8a8b5-f265-4220-91e7-577203281646.jpg,0.5
610d3a5e-cd00-4e12-bf43-2e2c75ad7faf.jpg,0.5
a935b290-10b6-4ab2-9e5b-0379b956f1c0.jpg,0.5
ace93859-d572-4f08-a4ee-559f6649478b.jpg,0.5
ead92d72-9541-4604-97f9-0e50f2eacfd1.jpg,0.5
271c6d4d-b166-4f0a-8070-8d1a280cbf70.jpg,0.5
99b4489b-9c4f-4c9d-b126-e7f3e5de3015.jpg,0.5
3f836a9a-e996-4ab5-974c-9224cdddf86f.jpg,0.5
f64821c4-5274-4495-a2c4-fb7660f5eb3a.jpg,0.5
a8481cae-b15c-4424-9e22-cf0eb1f72e08.jpg,0.5
d266fd25-8e57-4719-88f6-c3379b3609bc.jpg,0.5
6fc23dfc-f519-4b71-85e4-fd5cb9d5176c.jpg,0.5
aa43b0fe-309f-4aa4-a5c2-c978fd4c9fe1.jpg,0.5
18c73010-4b99-4cb4-aaa9-979e6e279684.jpg,0.5
9bd081ff-cd1f-4e4f-af99-998064c53253.jpg,0.5
001652b1-6282-4368-8399-8caff9864499.jpg,0.5
bb317cf3-1468-4c8b-bac7-00935d90d212.jpg,0.5
b15cdf0c-72c8-4639-a62b-de52a3d0013b.jpg,0.5
402b3309-78d7-4eda-8587-a044b73b2f5e.jpg,0.5
499678fe-3538-4619-bd20-34358fc5f0f2.jpg,0.5
66bf68ff-7208-425b-aa3c-354d1b3886ba.jpg,0.5
38b8d38f-14f3-4ace-911b-e69ed4f7c055.jpg,0.5
bcf5fa1b-7510-4742-b6e3-a530875f0778.jpg,0.5
323b3d18-6abf-4312-a701-90959637ba90.jpg,0.5
4c9467b0-dbd9-4a72-b01c-2bdd5819e06d.jpg,0.5
33ccb2fb-2e31-4807-a171-7f9277c94a6f.jpg,0.5
f65a354e-01f1-4973-bf5e-542a3870ee8a.jpg,0.5
374fdc5e-0eb5-4f2d-b3e1-c0f96102b73c.jpg,0.5
a53fd860-25c8-41e3-aa49-72f842bd9ba9.jpg,0.5
1bde8032-6d53-43b2-a427-af02eedc7ff5.jpg,0.5
d086476f-2ccd-4e4b-aa88-0a26421dc4f1.jpg,0.5
1edc881d-9093-438f-9020-01dfe5fb1aa0.jpg,0.5
7b1b4809-dea1-4d71-b124-26c08408a2e8.jpg,0.5
51910f57-081b-427b-b8d6-7c4335a5e95a.jpg,0.5
2f1fa63f-3b6d-4e16-a452-be43dadbfee2.jpg,0.5
4e010030-f62a-45fb-bab2-83c010478bcc.jpg,0.5
e8a6a6b2-b3b7-452c-8884-7ed304d65c43.jpg,0.5
854a3b1b-ac82-4394-bfc5-5f10e826e764.jpg,0.5
a05c1a6a-55a6-487e-9846-7771d733e154.jpg,0.5
c7c0830b-4656-41ab-bd9a-d681e3fa2628.jpg,0.5
fb859472-7c54-443b-ae40-0899f4bee1c9.jpg,0.5
66b407af-ac42-41c5-8313-409156c3badf.jpg,0.5
8581def7-511f-4436-85d2-8f1d8f7f6a61.jpg,0.5
7814c96c-1c45-4be1-8b32-4ced87f6219f.jpg,0.5
9a91af55-059c-4413-87f9-7932fa1b0e05.jpg,0.5
27185aef-2b13-462d-b4f6-b8229a34e116.jpg,0.5
06727eca-1bc5-4b68-8cf5-de94982d7d01.jpg,0.5
0b023382-4ad3-4137-b6bd-5ad7208d9ce7.jpg,0.5
b3c8b0a0-1fbf-4be4-8a3d-199557f3e8ba.jpg,0.5
dd17d899-b965-4752-94cd-4aefcb316976.jpg,0.5
c6afaec1-001f-41c3-9304-fea0aedba671.jpg,0.5
dbe8fba6-9591-4e98-8197-b63fd4700d32.jpg,0.5
5afadb9e-e548-4723-b4cf-848c98b6f3a7.jpg,0.5
246394e4-4ca8-4d98-bf0d-d82014d68bb7.jpg,0.5
5aafbf85-6c9a-4856-b402-3a25ae3a4097.jpg,0.5
9eee4b83-a9f8-4b67-be79-b04e6d22dc1a.jpg,0.5
172d281c-4126-4f97-a445-f596ea3431ff.jpg,0.5
ad034d43-94a2-4e72-905a-a74a8270d4a5.jpg,0.5
8df79d33-a12f-4160-a825-7b8c9f70e2f4.jpg,0.5
a3e567b7-ae01-4b87-9d5f-d9971ef4a863.jpg,0.5
5ebaa99e-2093-46d1-b059-4f1716965845.jpg,0.5
dd3c4871-ff6f-47eb-9317-27d4603c36c4.jpg,0.5
9d6f98fa-7021-4792-82c0-efa26f265e71.jpg,0.5
d678a2bd-1df0-4c39-acff-4107baf36529.jpg,0.5
8bf981e3-d1e3-4af9-98ae-b761bc02930d.jpg,0.5
e940a8c3-7c15-4fa4-a35f-6373dd4cedf8.jpg,0.5
6c63ceb4-8b76-4089-bac4-ffc1b9f14f31.jpg,0.5
ce9d1b57-c6f3-4776-8882-69adda6dbf11.jpg,0.5
bbfc4edf-d0c9-40e9-b00a-9e3870402737.jpg,0.5
8532bf1a-9733-440f-9a55-6f85552d5512.jpg,0.5
c0b669ce-3000-407a-adb4-15f24d7e5329.jpg,0.5
5c8e225c-41d3-4647-8abc-9517ecc450c9.jpg,0.5
43706afc-d6b3-4cb7-934d-57d8197998d8.jpg,0.5
d813f557-b20a-42fc-bb58-8f8cf89c3612.jpg,0.5
67f744c2-c770-415f-8643-4a22bb70e973.jpg,0.5
05f12f72-e7ea-40cc-80d9-939a4a8796fb.jpg,0.5
509b6c22-56b5-436c-9a9c-8b4eedade775.jpg,0.5
6d1407f8-1634-4f3d-b07f-7620e083c9c3.jpg,0.5
35500132-ad92-48c6-af3f-939a7ee3098f.jpg,0.5
ee77a201-9c2b-4e98-97b6-2db3894c83fd.jpg,0.5
56ad2346-516b-4a1d-b3b5-5b5441ab9f1c.jpg,0.5
4b60a226-0ce5-445e-94e7-0ffbdf88a5d7.jpg,0.5
63f286ba-7c9b-47b3-9805-e700898e5774.jpg,0.5
aa5db5ac-5274-4ae7-b9f7-32eeef0ecf67.jpg,0.5
62ef5cfa-b1ad-4c31-a22f-267b8f86daa4.jpg,0.5
47a46c06-9912-4007-a32e-eff4b68cf4a5.jpg,0.5
4c9da520-1c32-4ce9-814b-491ae8ab34a8.jpg,0.5
ba2004ec-aa4a-487b-b303-c8005705d7df.jpg,0.5
dbb3da47-e5de-4338-80ff-e761826424f9.jpg,0.5
4b519197-d46b-4543-8cf0-83841c2a9a0b.jpg,0.5
90b1b425-f8dc-4cc4-a3c5-d10736e4ac13.jpg,0.5
98689d54-3033-4496-b011-173e148674e7.jpg,0.5
f8aa000d-71be-4895-b442-331bec9fe33f.jpg,0.5
a079115a-01b9-4e67-afe0-24aa2f1d7c47.jpg,0.5
40a2ca73-c51f-4a27-8ace-f4cdad4b8a29.jpg,0.5
e2321b4c-c189-4be9-9226-db1c8b89fbde.jpg,0.5
4484bcc5-b4d1-4bf9-afe2-486c459ee71a.jpg,0.5
375c3c29-1af2-48ed-a0ef-416f15a06f56.jpg,0.5
67a8f091-0661-45d7-b7c3-afdaedee5120.jpg,0.5
8312a0af-90a6-4927-8b1b-31022bd9cad1.jpg,0.5
53d01bd0-ad88-432c-aba7-3072282dff02.jpg,0.5
c63988a9-479b-4d32-9d05-fa171308f6db.jpg,0.5
bfd82c2f-d2d0-4718-8ce0-caaf93b0043f.jpg,0.5
e4fa5e7b-e423-458f-b505-3e4ef6faef61.jpg,0.5
424cdb2a-27d1-4038-a445-096c0e222f85.jpg,0.5
0f2ad25d-d561-44b9-a833-014a809365b9.jpg,0.5
bae144eb-2904-411e-9929-2f1e7d9a7419.jpg,0.5
a8ce932d-b6d0-41ec-addd-28dbf7588526.jpg,0.5
8591937f-b302-4ad5-b01f-43af22611a98.jpg,0.5
7fd31521-0c14-437d-8d6a-ec17e3d23b1d.jpg,0.5
09c24398-ce07-496f-abd4-2b57b07c9b5b.jpg,0.5
7eae5a72-5bd4-4dba-8a75-e801f90481ef.jpg,0.5
0a5df889-28d1-4251-8a1a-58278d17fbe9.jpg,0.5
79a675b7-6da5-4acb-a34b-417ad033d308.jpg,0.5
675ea90d-a815-4734-a9f6-cd80c22255c4.jpg,0.5
53f3bbc6-e302-46ac-a637-9ef7ec159afb.jpg,0.5
cc3da910-39de-4c18-b1e8-6e0d8162b1ad.jpg,0.5
6488b94a-f080-4542-a238-0d4e9ed38854.jpg,0.5
56f2c089-2e25-4842-8f60-6d0416a8a584.jpg,0.5
8b6820cd-5d72-4516-b5aa-ac1ab3bed2c2.jpg,0.5
27a84eab-7029-4563-8a74-5d3acf648e05.jpg,0.5
0a24b335-cc6b-450e-a16d-ae2175839a74.jpg,0.5
77bf43b2-d0df-4aff-9e18-f8f5125f935e.jpg,0.5
bd60182f-7ef6-43a9-a1ee-2b8c2bafdbcf.jpg,0.5
eac926d2-bb80-40e7-a230-6858e40fd7fd.jpg,0.5
31f7e87b-c2eb-4607-b21c-2efbd8bc5945.jpg,0.5
af861902-a2a1-455f-8480-c9455580c4d3.jpg,0.5
51b23df9-0570-4480-91da-9400bd36dea1.jpg,0.5
f632afd4-b59b-46b2-922c-61714eb2f254.jpg,0.5
7d2147a9-a083-43cc-930e-2edce0f8e49e.jpg,0.5
4c0036bd-0de8-4bf0-9a1b-c137b00071ce.jpg,0.5
00406a76-759a-4da9-a0f8-77451d976bd7.jpg,0.5
af95a0f1-1eb6-46bf-86b4-dd3873fe3ee7.jpg,0.5
0d1bf475-beba-494b-84f9-b8178984364d.jpg,0.5
516c94dd-c574-402b-9124-1aadc4679b17.jpg,0.5
e411d089-8015-4809-95b7-822def07014f.jpg,0.5
94028c9e-1d68-4db6-a206-d0dfc72460df.jpg,0.5
1f5a881f-225a-4de8-8859-44da4034ac21.jpg,0.5
bce8b79c-9e3c-4877-8b91-38c7be980ba7.jpg,0.5
882b2937-1b41-45bb-8fd6-264be97d655f.jpg,0.5
a935ed62-9a5c-43ef-b0e1-d4295e86ecaf.jpg,0.5
5236958e-f08a-45e4-848a-becc5f130b41.jpg,0.5
abb52e5d-1d0e-494d-bef1-e0b9cb7c6f2f.jpg,0.5
e9a0f458-3d0d-4bd2-9468-7ee374857df5.jpg,0.5
df377732-8e9d-4e63-a316-226057d38bce.jpg,0.5
51a403ad-4072-45c6-a98f-42a3c39c1a2b.jpg,0.5
5fa38df6-4b26-4e7a-bf42-67f8df0580d9.jpg,0.5
4d11d49f-5c7d-4910-86d6-e0bb80f7126d.jpg,0.5
7b381aef-01bc-4644-868a-d3502b6de5e3.jpg,0.5
e5cdf47e-1c33-45d0-9a83-0cb44414c2f1.jpg,0.5
13a54d6c-fd23-4c9f-a533-73cd9d3277f4.jpg,0.5
d07566d5-c555-47e1-ae2e-7ef3d307d1c2.jpg,0.5
996adc21-b0d3-49bf-a126-f3ea5965c2fd.jpg,0.5
aff2e0ba-009a-4999-b141-776baa8f5da1.jpg,0.5
59ff217f-be0d-42b2-8e94-b7911ec5c967.jpg,0.5
1ef0fcbf-1de3-42c5-9f9c-f9d5280141d9.jpg,0.5
0a91b21b-c4c8-4332-a3a3-886c219db857.jpg,0.5
4c8f56da-1693-42e6-a5c7-df99baaa7ccc.jpg,0.5
a806acc5-d567-4601-a306-c96551a2027d.jpg,0.5
b35925c4-a2fe-40a3-9bcf-fbebc15c36c4.jpg,0.5
84e4954b-37c8-4ef0-ba9e-dac20968b97f.jpg,0.5
aa29256d-addd-47cd-ba39-f6583e1909ad.jpg,0.5
116f2906-5e35-4952-847d-4c32e9ca2e88.jpg,0.5
3b58d790-04ed-42d4-b4a6-ce3e05b79edf.jpg,0.5
acbaf175-4830-4de0-9fa9-7dd9a03c8e35.jpg,0.5
b3380568-d38a-45c1-bc5d-829e75c7f204.jpg,0.5
96d98100-41e0-4812-8cf5-a9d92e17438d.jpg,0.5
b730c874-f350-4bc7-9c71-c7e19d7b11d8.jpg,0.5
597d8630-88a2-4b7c-8c44-f8567002550e.jpg,0.5
b6297b68-3800-47f5-bc07-2092a011d6cb.jpg,0.5
0bc05ed5-7494-47bb-9aea-cc9654c6e919.jpg,0.5
69878930-e146-4152-9f97-e2d86ede62e8.jpg,0.5
60e54ccc-224f-4739-b6f3-b1c4d6be7a96.jpg,0.5
de287716-7bc9-4f30-bbb3-ca05a387b055.jpg,0.5
f3929940-f30b-40cd-99a6-95fae60fb131.jpg,0.5
4ef28675-2785-43cb-a58d-c7018fbc986a.jpg,0.5
5c39ea71-80c1-48a6-b6b1-977d2585a9fa.jpg,0.5
e6fc0ccf-c69b-429f-b33a-d1f8e00926c0.jpg,0.5
b3c7007c-d9c5-4e4e-ab89-6dd99b4a1a7d.jpg,0.5
96c5575d-080f-4f8f-8a7f-0e21ad6fd8e8.jpg,0.5
208d80cc-9d17-4d9a-896d-32f4b835561d.jpg,0.5
aaf53788-a34b-42af-a39b-c14ac2b90911.jpg,0.5
a0558f2c-d399-458d-8cb9-11c901801ef6.jpg,0.5
c3b40a45-4c7f-4103-9809-951a28a0060b.jpg,0.5
4c4e5915-f76a-4eed-b118-82aa5bfa7f66.jpg,0.5
7b620c7e-598b-4644-8fd5-09045557fa57.jpg,0.5
d5920e40-d1bb-429a-8ce6-d1bf3b9a82cd.jpg,0.5
f26ccf54-260d-4124-9365-23606ccbc75d.jpg,0.5
f3d7bc2b-a42c-4a07-8a02-0a7ea4700af5.jpg,0.5
5692d912-b16b-48ca-af6e-c74ba743e43e.jpg,0.5
8719a604-e7f9-4469-84c8-f514339a6f1f.jpg,0.5
8e238d28-643e-4ff7-b892-571f2be8444e.jpg,0.5
bef0ee69-b000-4898-8b1a-db773f57b793.jpg,0.5
fc475855-7450-46bb-a68e-eff05370c06e.jpg,0.5
15fe7f15-9c74-4ba5-993b-1ff4d35d7ee7.jpg,0.5
4b7f29f1-96b9-426d-82b1-bddd6088d2ef.jpg,0.5
f587c156-29fc-4d99-aa82-b641a904ea27.jpg,0.5
f777a3f3-6f9a-46d8-9dbc-565a6975dd75.jpg,0.5
e436748d-9965-495e-bbc7-6e32177df79f.jpg,0.5
29c2d0b5-7f65-40b0-85a5-ee1679861113.jpg,0.5
983d02dc-8fdd-4c38-b030-e0c87140496f.jpg,0.5
243dff85-1c18-4228-aec2-68e52739e47c.jpg,0.5
d9226b4e-13a3-4c01-8f86-2ae00ee80932.jpg,0.5
7c383e3c-2ce3-4ac0-9674-7ac9efee63e6.jpg,0.5
291c1464-fb28-443d-8614-c0dd0b0533f4.jpg,0.5
a9347f5f-2f4b-4eaf-b56f-b6d2ed973558.jpg,0.5
af144238-8d06-4c43-9794-b307c17662cd.jpg,0.5
f7b5ac7d-1675-44f9-b7ee-a36da162475a.jpg,0.5
ac0bc4eb-ea98-4de2-a39a-6f4d1b164cbd.jpg,0.5
3321ba3d-9fb9-4339-8e69-3b4383e8281a.jpg,0.5
b2bc72a4-7eb1-404a-b8cf-3a26d5aa584d.jpg,0.5
4a568bfe-9756-45b2-9ed6-9f1e463030bf.jpg,0.5
1b821da1-79f8-422b-80b2-d88ace7e213a.jpg,0.5
53d1c6e3-bd34-4a6f-a19a-281cf18e7d9a.jpg,0.5
a3184039-3d73-43ae-b899-525436f73561.jpg,0.5
e3f35519-02ae-4374-8ae9-28c381ad82d4.jpg,0.5
c4099ec6-383f-4df1-8795-8b25ed9d10d2.jpg,0.5
51435ae0-1a9f-46f8-9bd0-742a92fa533b.jpg,0.5
637d521a-9009-4103-bd3e-51a33ea14c5a.jpg,0.5
a23315a9-8213-4c9e-8142-d3652d6986cb.jpg,0.5
5ed43ac6-803b-49e3-85ac-2a60528fe763.jpg,0.5
f47d35b4-a19b-4244-92a9-0fff6d0caa0b.jpg,0.5
e4ad11a5-6716-45c2-a4cf-ca9af9a1fa54.jpg,0.5
c49394a7-8f20-462e-84db-ba989edf3353.jpg,0.5
6fa323a7-3256-465d-8076-529cb9356223.jpg,0.5
be4b6f28-a5eb-4596-aa3a-6d806ba3364a.jpg,0.5
4bb7626f-8f42-4a99-9de2-f52d0eea42eb.jpg,0.5
0c61cbc4-4948-448c-b31a-5440c481806f.jpg,0.5
a0c9ee13-7e0c-480c-a8e0-19c430dfea77.jpg,0.5
037980ae-b729-41d0-ba1b-261b0ff337d2.jpg,0.5
4b6865d7-e8e7-4343-97ed-ae2d6f1767a4.jpg,0.5
7a3560f8-613e-4d55-950c-dd3e436db87f.jpg,0.5
dd368bae-31a6-4cd1-a6c7-bf093c7f5d4b.jpg,0.5
a1599d43-74dc-44e4-a9b6-647c32736fd6.jpg,0.5
edc1099d-0eff-42ec-ba31-3b9311b11d53.jpg,0.5
fce2af60-c9c1-4a44-9226-404555604f19.jpg,0.5
3c40d61e-1a0e-42bf-a2e7-d2ce36a294ec.jpg,0.5
eaa54526-9ad7-4b39-be04-33dc3c8b94ea.jpg,0.5
b43e11fb-136b-4f9a-9517-566f7b01443f.jpg,0.5
d4a26283-f956-41bd-abed-99ddbe05ff51.jpg,0.5
fe742e67-220d-4768-9e57-18d3dcfe728e.jpg,0.5
cd2016fd-9d31-4cab-ac9b-64b9c02c7cef.jpg,0.5
798896d8-a059-4ea7-9ef6-c7d120dd27e3.jpg,0.5
49013ea8-f921-4a13-8ef5-b01a555d4fcd.jpg,0.5
541c78eb-cebd-4eb9-9bf3-f165f042e534.jpg,0.5
4e5174fa-f1ee-41c1-aaef-5e077fa026d9.jpg,0.5
a56db688-f07b-4388-9e70-460a710648a7.jpg,0.5
2625c150-e323-4c7c-b79e-7229e17c209c.jpg,0.5
b27d1dcb-9472-4425-a7f0-797a319fa07b.jpg,0.5
26f609eb-98f5-452f-b6a0-7e2243419d8c.jpg,0.5
2af5f3a2-3a4d-4442-8420-87faebc46bcc.jpg,0.5
378cf2d4-20f0-4662-a0ea-01bf1a24aa40.jpg,0.5
e68ac4b4-e0ef-40d7-ad37-2d40d898f6d1.jpg,0.5
cef62480-4856-4487-95b1-115e10273af8.jpg,0.5
72a2809a-92f8-464b-a9a8-94bfac89448f.jpg,0.5
1f394825-6e4b-4962-93bb-a901305b4500.jpg,0.5
0bbca109-1eef-4fb3-9b3d-9e39347d8a2b.jpg,0.5
06d7b2c9-ac7d-4927-9f0d-f87087f0e764.jpg,0.5
a3d50d7e-57d4-470c-910f-8984230d97cf.jpg,0.5
d84809ca-9676-4fda-b22f-310b5858495d.jpg,0.5
acfd0dd9-4b3f-494f-8b24-ff86004b0aaf.jpg,0.5
